,Audit Round,Collection Number,Council,Location,Latitude,Longitude,Date,Time,Traffic_Count_Total,Butts bits/packs/matches/lighters Glass,Butts bits/packs/matches/lighters Metal,Butts bits/packs/matches/lighters Paper,Butts bits/packs/matches/lighters Plastic,Butts bits/packs/matches/lighters Total,Beverage - Alcohol Glass,Beverage - Alcohol Metal,Beverage - Alcohol Paper,Beverage - Alcohol Plastic,Beverage - Alcohol Total,Beverage - Milk Glass,Beverage - Milk Metal,Beverage - Milk Paper,Beverage - Milk Plastic,Beverage - Milk Total,Beverage - Non Alcohol Glass,Beverage - Non Alcohol Metal,Beverage - Non Alcohol Paper,Beverage - Non Alcohol Plastic,Beverage - Non Alcohol Total,Beverage bits Glass,Beverage bits Metal,Beverage bits Paper,Beverage bits Plastic,Beverage bits Total,Lolly/ice cream/snack/wraps Glass,Lolly/ice cream/snack/wraps Metal,Lolly/ice cream/snack/wraps Paper,Lolly/ice cream/snack/wraps Plastic,Food wrap/Film Glass,Food wrap/Film Metal,Food wrap/Film Paper,Food wrap/Film Plastic,Food wrap/Film Total,Take away pack/plates/clams/bags Glass,Take away pack/plates/clams/bags Metal,Take away pack/plates/clams/bags Paper,Take away pack/plates/clams/bags Plastic,Take away pack/plates/clams/bags Total,Utensils/straws/sticks/bread ties/bits Glass,Utensils/straws/sticks/bread ties/bits Metal,Utensils/straws/sticks/bread ties/bits Paper,Utensils/straws/sticks/bread ties/bits Plastic,Utensils/straws/sticks/bread ties/bits Total,Receipts/tickets/paper pieces Glass,Receipts/tickets/paper pieces Metal,Receipts/tickets/paper pieces Plastic,Receipts/tickets/paper pieces Total,Personal/toys/sports gear/hair clips Glass,Personal/toys/sports gear/hair clips Metal,Personal/toys/sports gear/hair clips Paper,Personal/toys/sports gear/hair clips Plastic,Personal/toys/sports gear/hair clips Total,Other Glass,Other Metal,Other Paper,Other Plastic,Other Total,Total Glass,Total Metal,Total Paper,Total Plastic,Total Waste In Council
0,Round 1,Site 1,Balonne SC,Barwon Hwy,-28.34648,148.83425,2014-10-14,,2,0,0,0,0,0,3,0,0,0,3,0,0,0,0,0,0,2,0,2,4,0,0,0,0,0,0,0,0,0,0,0,0,5,5,0,0,0,0,0,0,0,0,0,0,0,0,0,0,0,0,0,0,0,10,0,0,3,13,13,2,0,10,25
1,Round 1,Site 2,Balonne SC,Barwon Hwy,-28.353551,148.953699,2014-10-14,10.05 am,1,0,0,0,0,0,0,0,0,0,0,0,0,0,0,0,0,0,0,2,2,4,0,0,2,6,0,0,0,2,0,0,0,0,0,0,0,0,0,0,0,0,0,0,0,0,0,0,0,0,0,0,0,0,0,0,0,4,4,4,0,0,10,14
2,Round 1,Site 3,Goondiwindi RC,Barwon Hwy,-28.419,149.6741,2014-10-08,8.00 am,2,0,0,0,0,0,7,0,0,0,7,0,0,0,0,0,0,0,0,1,1,0,0,0,0,0,0,0,0,2,0,0,1,0,1,0,0,0,0,0,0,0,0,4,4,0,0,0,0,0,0,0,3,3,2,0,0,4,6,9,0,1,14,24
3,Round 1,Site 4,Goondiwindi RC,Barwon Hwy,-28.44234,149.72693,2014-10-08,7.30 am,5,0,0,0,0,0,1,0,0,0,1,0,0,0,0,0,0,0,0,3,3,0,0,0,0,0,0,0,0,0,0,0,0,2,2,0,0,0,2,2,0,0,0,0,0,0,0,0,0,0,0,0,0,0,0,2,0,3,5,1,2,0,10,13
4,Round 1,Site 5,Goondiwindi RC,Barwon Hwy,-28.47378,149.51393,2014-10-07,3.30 pm,1,0,0,0,0,0,2,0,0,0,2,0,0,0,0,0,0,0,0,0,0,0,0,1,0,1,0,0,0,4,0,0,0,3,3,0,0,0,1,1,0,0,0,0,0,0,0,0,0,0,0,0,0,0,0,0,0,0,0,2,0,1,8,11
5,Round 1,Site 6,Balonne SC,Barwon Hwy,-28.356073,148.884019,2014-10-14,9.41 am,0,0,0,0,0,0,4,0,0,0,4,0,0,0,0,0,0,0,0,0,0,0,0,0,2,2,0,0,0,0,0,0,0,0,0,0,0,0,0,0,0,0,0,0,0,0,0,0,0,0,0,0,0,0,0,0,0,0,0,4,0,0,2,6
6,Round 1,Site 7,Goondiwindi RC,Barwon Hwy,-28.4366,149.77331,2014-10-08,7.00 am,2,0,0,0,0,0,0,0,0,0,0,0,0,0,0,0,1,0,0,1,2,0,0,0,0,0,0,0,0,0,0,0,0,0,0,0,0,0,0,0,0,0,0,0,0,0,0,0,0,0,0,0,0,0,0,0,0,0,0,1,0,0,1,2
7,Round 1,Site 8,Goondiwindi RC,Barwon Hwy,-28.42587,149.94518,2014-10-08,6.00 am,4,0,0,0,0,0,0,0,0,0,0,0,0,0,0,0,0,0,0,6,6,0,0,0,0,0,0,0,0,0,0,0,0,1,1,0,0,0,0,0,0,0,0,0,0,0,0,0,0,0,0,0,0,0,0,0,0,0,0,0,0,0,7,7
8,Round 1,Site 9,Goondiwindi RC,Barwon Hwy,-28.50042,150.12953,2014-10-08,10.30 am,5,0,0,0,0,0,4,0,0,0,4,0,0,0,0,0,0,0,0,4,4,7,0,0,0,7,0,0,0,0,0,0,0,0,0,0,0,0,0,0,0,0,0,0,0,0,0,0,0,0,0,0,0,0,1,1,0,0,2,12,1,0,4,17
9,Round 1,Site 10,Goondiwindi RC,Barwon Hwy,-28.46433,150.03195,2014-10-08,10.00 am,3,0,0,0,0,0,2,0,0,0,2,0,0,0,0,0,0,0,0,1,1,0,0,0,0,0,0,0,0,0,0,0,0,0,0,0,0,0,0,0,0,0,0,0,0,0,0,0,0,0,0,0,0,0,0,0,0,0,0,2,0,0,1,3
10,Round 1,Site 11,Maranoa RC,Carnarvon Hwy,-26.197053,148.703538,2014-10-13,11.20 am,5,0,0,0,0,0,0,0,0,0,0,0,0,0,0,0,0,0,0,0,0,68,0,0,3,71,0,0,0,2,0,0,1,0,1,0,0,1,1,2,0,0,0,15,15,0,0,0,0,0,0,0,2,2,0,0,0,14,14,68,0,2,37,107
11,Round 1,Site 12,Maranoa RC,Carnarvon Hwy,-26.658199,148.875451,2014-10-13,9.10 am,9,0,0,0,0,0,1,0,0,0,1,0,0,0,1,1,0,0,0,0,0,123,0,0,0,123,0,0,1,3,0,0,1,1,2,0,0,1,1,2,0,0,0,1,1,0,0,0,0,2,0,0,0,2,1,0,0,0,1,127,0,3,7,137
12,Round 1,Site 13,Balonne SC,Carnarvon Hwy,-27.68305,148.81744,2014-10-14,2.30 pm,7,0,0,0,0,0,51,0,0,0,51,0,0,0,0,0,0,0,0,0,0,0,0,0,0,0,0,0,2,1,0,0,0,1,1,0,0,0,1,1,0,0,0,1,1,0,0,0,0,0,1,0,0,1,0,0,5,0,5,51,1,7,4,63
13,Round 1,Site 14,Balonne SC,Carnarvon Hwy,-28.34238,148.83122,2014-10-14,11.30 am,7,0,0,1,0,1,0,0,0,0,0,0,0,0,0,0,11,0,0,9,20,0,0,0,1,1,0,0,1,2,0,0,1,9,10,0,0,2,8,10,0,0,0,6,6,0,0,0,0,0,0,5,0,5,6,2,26,7,41,17,2,36,42,97
14,Round 1,Site 15,Balonne SC,Carnarvon Hwy,-28.945315,148.9741,2014-10-14,9.15 am,3,0,0,0,0,0,11,0,0,2,13,0,0,0,2,2,8,0,0,1,9,3,0,0,0,3,0,0,0,0,0,0,0,7,7,0,0,0,1,1,0,0,0,7,7,0,0,0,0,0,0,0,0,0,0,0,0,0,0,22,0,0,20,42
15,Round 1,Site 16,Maranoa RC,Carnarvon Hwy,-26.476452,148.799126,2014-10-13,12.30 pm,9,0,0,0,0,0,0,0,0,0,0,0,0,0,0,0,0,0,0,1,1,0,0,0,0,0,0,0,1,0,0,0,0,0,0,0,0,0,0,0,0,0,0,0,0,0,0,0,0,0,0,0,1,1,0,0,0,0,0,0,0,1,2,3
16,Round 1,Site 17,Maranoa RC,Carnarvon Hwy,-26.485159,148.796118,2014-10-13,1.20 pm,18,0,0,0,0,0,0,0,0,0,0,0,0,0,1,1,0,0,0,1,1,1,0,0,0,1,0,0,0,0,0,0,0,0,0,0,0,1,0,1,0,0,0,1,1,0,0,0,0,0,0,0,0,0,0,0,0,0,0,1,0,1,3,5
17,Round 1,Site 18,Maranoa RC,Carnarvon Hwy,-26.630476,148.870191,2014-10-13,10.05 am,5,0,0,3,0,3,1,0,0,0,1,0,0,0,0,0,2,0,0,3,5,1,0,0,0,1,0,0,0,2,0,0,0,0,0,0,0,0,1,1,0,0,0,0,0,0,0,0,0,0,0,0,0,0,0,0,0,0,0,4,0,3,6,13
18,Round 1,Site 19,Maranoa RC,Carnarvon Hwy,-26.441357,148.79566,2014-10-17,9.20 am,16,0,0,0,0,0,0,0,0,0,0,0,0,0,1,1,0,0,0,7,7,1,0,0,0,1,0,0,0,1,0,0,2,0,2,0,0,0,0,0,0,0,0,0,0,0,0,0,0,0,0,0,0,0,0,0,0,0,0,1,0,2,9,12
19,Round 1,Site 21,Balonne SC,Carnarvon Hwy,-28.06027,148.63175,2014-10-14,1.07 pm,3,0,0,0,0,0,5,0,0,0,5,0,0,0,0,0,0,1,0,0,1,0,0,0,0,0,0,0,0,0,0,0,0,0,0,0,0,0,0,0,0,0,0,0,0,0,0,0,0,0,0,0,0,0,1,0,0,4,5,6,1,0,4,11
20,Round 1,Site 22,Balonne SC,Carnarvon Hwy,-28.35419,148.84764,2014-10-14,,0,0,0,0,0,0,0,0,0,0,0,0,0,0,0,0,0,0,0,0,0,0,0,0,0,0,0,0,0,0,0,0,0,0,0,0,0,0,0,0,0,0,0,0,0,0,0,0,0,0,0,0,0,0,0,0,0,0,0,0,0,0,0,0
21,Round 1,Site 23,Balonne SC,Carnarvon Hwy,-28.89322,148.93916,2014-10-14,10.15 am,5,0,0,0,0,0,0,0,0,0,0,0,0,0,0,0,1,0,0,2,3,14,0,0,0,14,0,0,0,0,0,1,0,7,8,0,0,1,0,1,0,0,0,3,3,0,0,0,0,0,0,1,0,1,1,2,0,1,4,16,3,2,13,34
22,Round 1,Site 24,Southern Downs RC,Cunningham Hwy,-28.1811,151.90774,2014-10-10,11.20 am,11,0,0,8,2,10,5,0,0,0,5,0,0,0,0,0,0,0,0,0,0,0,0,0,0,0,0,0,0,1,0,0,2,8,10,0,0,0,26,26,0,0,0,6,6,0,0,1,1,0,0,0,0,0,0,0,0,0,0,5,0,10,44,59
23,Round 1,Site 26,Goondiwindi RC,Cunningham Hwy,-28.49518,150.41039,2014-10-09,6.15 am,8,0,0,0,0,0,5,0,0,0,5,0,0,0,1,1,0,0,0,6,6,0,0,0,0,0,0,0,0,2,0,0,0,1,1,0,1,5,0,6,0,0,0,0,0,0,0,0,0,0,0,0,0,0,15,0,0,0,15,20,1,5,10,36
24,Round 1,Site 27,Goondiwindi RC,Cunningham Hwy,-28.515517,150.9177,2014-10-09,12.18 pm,8,0,0,0,0,0,3,0,0,0,3,0,0,0,1,1,0,0,0,1,1,0,0,0,0,0,0,0,0,1,0,0,2,1,3,0,0,0,0,0,0,0,0,0,0,0,0,0,0,0,0,0,0,0,16,0,1,5,22,19,0,3,9,31
25,Round 1,Site 29,Goondiwindi RC,Cunningham Hwy,-28.4091,151.17122,2014-10-09,10.35 am,4,0,0,2,1,3,0,0,0,0,0,0,0,0,0,0,0,0,0,7,7,2,0,1,1,4,0,0,0,3,0,0,1,0,1,0,0,1,1,2,0,0,0,0,0,0,0,0,0,0,0,0,0,0,3,1,7,5,16,5,1,12,18,36
26,Round 1,Site 30,Goondiwindi RC,Cunningham Hwy,-28.49829,150.56354,2014-10-09,7.22 am,5,0,0,0,0,0,0,0,0,0,0,0,0,0,0,0,0,0,0,3,3,0,0,0,0,0,0,0,0,0,0,0,0,0,0,0,0,0,1,1,0,0,0,0,0,0,0,0,0,0,0,0,0,0,0,0,0,1,1,0,0,0,5,5
27,Round 1,Site 25,Southern Downs RC,Cunningham Hwy,-28.059344,152.321498,2014-10-10,9.00 am,27,0,0,19,0,19,0,0,0,0,0,0,0,0,0,0,0,0,0,0,0,0,0,0,2,2,0,0,3,3,0,0,2,1,3,0,0,0,0,0,0,0,0,2,2,0,0,0,0,0,0,0,0,0,0,0,0,0,0,0,0,24,8,32
28,Round 1,Site 32,Goondiwindi RC,Cunningham Hwy,-28.409364,151.227522,2014-10-09,11.07 am,14,0,0,0,0,0,0,0,0,0,0,0,0,0,3,3,0,0,0,1,1,0,0,0,0,0,0,0,0,0,0,0,1,0,1,0,0,0,0,0,0,0,0,0,0,0,0,0,0,0,0,0,0,0,0,0,3,0,3,0,0,4,4,8
29,Round 1,Site 33,Goondiwindi RC,Cunningham Hwy,-28.492725,150.529419,2014-10-09,1.16 pm,11,0,0,0,0,0,1,0,0,0,1,0,0,0,0,0,0,0,0,3,3,8,0,0,0,8,0,0,0,1,0,0,0,0,0,0,1,0,2,3,0,0,0,3,3,0,0,0,0,0,0,0,0,0,6,0,0,1,7,15,1,0,10,26
30,Round 1,Site 34,Balonne SC,Moonie Hwy,-27.99254,148.6595,2014-10-13,2.25 pm,8,0,0,0,0,0,0,0,0,0,0,0,0,0,0,0,1,0,0,0,1,0,0,0,0,0,0,0,0,2,0,0,9,2,11,0,0,4,0,4,0,0,0,2,2,0,0,20,20,0,0,0,0,0,0,0,0,0,0,1,0,13,26,40
31,Round 1,Site 35,Western Downs RC,Moonie Hwy,-27.6215715049385,150.49385,2014-10-14,4.20 pm,2,0,0,0,0,0,2,0,0,0,2,0,0,0,9,9,0,0,0,37,37,105,0,0,127,232,0,0,3,11,0,1,4,1,6,0,0,5,10,15,0,0,0,2,2,0,0,0,0,0,0,0,0,0,0,0,0,0,0,107,1,12,197,317
32,Round 1,Site 36,Western Downs RC,Moonie Hwy,-27.52235,150.64522,2014-10-15,9.00 am,4,0,0,0,0,0,3,0,0,1,4,0,0,0,15,15,3,0,0,34,37,0,1,7,38,46,0,0,1,12,1,6,0,4,11,0,0,0,2,2,0,0,0,10,10,0,0,0,0,0,0,0,1,1,0,0,0,0,0,7,7,8,117,139
33,Round 1,Site 37,Balonne SC,Moonie Hwy,-27.96873,148.93798,2014-10-13,3.55 pm,1,0,0,1,0,1,0,0,0,0,0,0,0,0,0,0,0,0,0,0,0,9,0,0,0,9,0,0,0,0,0,0,0,0,0,0,0,0,0,0,0,0,0,2,2,0,0,0,0,0,0,0,0,0,0,0,0,0,0,9,0,1,2,12
34,Round 1,Site 38,Western Downs RC,Moonie Hwy,-27.32852,150.92941,2014-10-15,12.45 pm,7,0,0,0,0,0,2,0,0,0,2,0,0,0,2,2,0,0,2,7,9,1,0,0,5,6,0,0,0,6,0,0,0,0,0,0,0,1,0,1,0,0,0,0,0,0,0,0,0,0,0,0,0,0,0,0,0,0,0,3,0,3,20,26
35,Round 1,Site 39,Western Downs RC,Moonie Hwy,-27.96562,149.49045,2014-10-13,5.00 pm,1,0,0,0,0,0,0,0,0,0,0,0,0,0,2,2,0,1,0,8,9,11,0,0,5,16,0,0,0,1,0,0,0,0,0,0,0,2,0,2,0,0,0,0,0,0,0,0,0,0,0,0,0,0,0,0,0,0,0,11,1,2,16,30
36,Round 1,Site 40,Western Downs RC,Moonie Hwy,-27.92569,149.76821,2014-10-14,11.45 am,4,0,0,1,0,1,12,0,0,0,12,0,0,0,13,13,4,0,0,8,12,30,0,0,35,65,0,0,0,8,0,0,0,0,0,0,0,0,0,0,0,0,0,0,0,0,0,0,0,0,0,0,0,0,0,0,0,0,0,46,0,1,64,111
37,Round 1,Site 41,Western Downs RC,Moonie Hwy,-27.70565,150.37946,2014-10-14,3.20 PM,8,0,0,0,0,0,21,0,0,0,21,0,0,0,0,0,11,1,1,15,28,5,0,1,7,13,0,0,0,4,1,0,0,4,5,0,0,0,0,0,0,0,0,0,0,0,0,0,0,0,0,0,0,0,0,0,0,0,0,38,1,2,30,71
38,Round 1,Site 42,Western Downs RC,Moonie Hwy,-27.47481,150.74769,2014-10-15,10.40 am,6,0,0,0,0,0,0,0,0,0,0,0,0,0,1,1,0,0,1,3,4,1,0,0,10,11,0,0,3,3,0,0,0,0,0,0,0,0,2,2,0,0,0,2,2,0,0,0,0,0,0,0,0,0,0,0,0,0,0,1,0,4,21,26
39,Round 1,Site 43,Western Downs RC,Moonie Hwy,-27.33504,150.8456,2014-10-15,11.20 am,1,0,0,0,0,0,1,0,0,0,1,0,0,0,2,2,0,0,0,1,1,11,0,0,9,20,0,0,0,3,0,5,0,0,5,0,0,1,0,1,0,0,0,1,1,0,0,0,0,0,0,0,0,0,0,0,0,0,0,12,5,1,16,34
40,Round 1,Site 44,Western Downs RC,Moonie Hwy,-27.92741,149.87367,2014-10-14,12.30pm,3,0,0,0,0,0,0,0,0,0,0,0,0,0,0,0,0,0,0,17,17,3,0,0,6,9,0,0,0,5,0,2,0,2,4,0,0,1,0,1,0,0,0,0,0,0,0,0,0,0,0,0,0,0,0,0,0,0,0,3,2,1,30,36
41,Round 1,Site 45,Western Downs RC,Moonie Hwy,-27.83196,150.15318,2014-10-14,1.30 pm,3,0,0,0,0,0,18,0,0,0,18,0,0,0,21,21,1,0,0,11,12,9,0,0,17,26,0,0,0,0,0,0,5,0,5,0,0,0,3,3,0,0,0,1,1,0,0,0,0,0,0,0,0,0,0,0,0,0,0,28,0,5,53,86
42,Round 1,Site 46,Toowoomba RC,New England Hwy,-27.51216,151.95424,2014-11-18,9.45 am,56,0,0,9,7,16,0,0,0,0,0,0,0,0,0,0,0,0,0,0,0,1,0,0,3,4,0,0,0,0,0,0,0,0,0,0,0,0,2,2,0,0,0,4,4,0,0,0,0,0,0,0,0,0,0,0,0,5,5,1,0,9,21,31
43,Round 1,Site 48,Toowoomba RC,New England Hwy,,,2014-11-19,10.45 am,4,0,0,0,0,0,0,1,0,0,1,0,0,0,0,0,0,0,0,0,0,0,0,1,0,1,0,0,0,0,0,0,8,1,9,0,0,35,2,37,0,0,0,0,0,0,0,0,0,0,0,0,0,0,105,0,3,0,108,105,1,47,3,156
44,Round 1,Site 49,Toowoomba RC,New England Hwy,-27.42113,151.99307,2014-11-19,9.45 am,30,0,0,0,0,0,0,0,1,0,1,0,0,0,0,0,0,0,0,0,0,0,0,0,0,0,0,0,0,0,0,0,0,0,0,0,0,0,0,0,0,0,0,0,0,0,0,0,0,0,0,0,0,0,0,0,2,0,2,0,0,3,0,3
45,Round 1,Site 50,Toowoomba RC,New England Hwy,-27.716,151.911,2014-11-18,11.00 am,35,0,0,0,1,1,0,0,0,0,0,0,0,0,0,0,0,0,0,1,1,0,0,0,0,0,0,0,0,0,0,0,0,0,0,0,0,0,0,0,0,0,0,0,0,0,0,0,0,0,0,0,0,0,0,0,0,0,0,0,0,0,2,2
46,Round 1,Site 52,Toowoomba RC,New England Hwy,-27.71627,151.90047,2014-11-19,8.30 am,50,0,0,0,0,0,0,0,0,0,0,0,0,0,0,0,0,0,0,0,0,0,0,0,0,0,0,0,0,0,0,0,0,0,0,0,0,0,0,0,0,0,0,0,0,0,0,0,0,0,0,0,0,0,0,0,0,0,0,0,0,0,0,0
47,Round 1,Site 28,Southern Downs RC,Cunningham Hwy,-28.20083,151.95254,2014-10-10,12.15 pm,12,0,0,0,0,0,0,0,0,0,0,0,0,0,0,0,0,0,0,0,0,0,0,0,3,3,0,0,0,0,0,0,0,1,1,0,0,1,0,1,0,0,0,1,1,0,0,0,0,0,0,0,0,0,0,0,0,0,0,0,0,1,5,6
48,Round 1,Site 55,Maranoa RC,Warrego Hwy,-26.48611,147.851436,2014-10-15,2.30 pm,8,0,0,0,0,0,3,0,0,0,3,0,0,0,1,1,2,0,0,1,3,0,0,0,0,0,0,0,7,6,0,0,2,7,9,0,2,1,5,8,0,0,0,10,10,0,0,0,0,0,0,0,1,1,0,0,0,0,0,5,2,10,31,48
49,Round 1,Site 56,Maranoa RC,Warrego Hwy,-26.6209,149.457068,2014-10-15,9.25 am,21,0,0,0,1,1,0,0,0,0,0,0,0,0,0,0,0,0,0,2,2,138,0,0,1,139,0,0,4,9,0,0,0,4,4,0,0,2,4,6,0,0,0,16,16,0,0,0,0,0,0,2,0,2,0,0,0,32,32,138,0,8,69,215
50,Round 1,Site 57,Toowoomba RC,Warrego Hwy,-27.565,151.99,2014-11-18,2.00 pm,97,0,0,0,0,0,22,0,0,0,22,0,0,0,0,0,22,0,0,0,22,6,0,0,1,7,0,0,1,0,0,0,1,0,1,0,0,1,2,3,0,0,0,1,1,0,0,0,0,0,0,0,1,1,0,0,0,5,5,50,0,3,10,63
51,Round 1,Site 59,Western Downs RC,Warrego Hwy,-26.64315,150.0113,2014-10-16,10.30 am,18,0,0,0,23,23,0,0,0,0,0,0,0,0,0,0,0,0,0,0,0,116,0,0,10,126,0,0,0,6,0,4,3,3,10,0,0,0,5,5,0,0,0,17,17,0,0,0,0,0,0,0,0,0,0,0,0,0,0,116,4,3,64,187
52,Round 1,Site 60,Maranoa RC,Warrego Hwy,-26.48697,148.041911,2014-10-15,3.35 pm,5,0,0,0,0,0,0,0,0,0,0,0,0,0,1,1,0,0,0,1,1,6,0,0,0,6,0,0,0,0,0,0,0,0,0,0,0,0,0,0,0,0,0,0,0,0,0,0,0,0,0,0,0,0,0,0,0,1,1,6,0,0,3,9
53,Round 1,Site 61,Maranoa RC,Warrego Hwy,-26.598035,149.300086,2014-10-15,11.20 am,23,0,0,0,0,0,0,0,0,0,0,0,0,0,4,4,0,0,0,9,9,1,0,0,2,3,0,0,0,0,0,0,0,0,0,0,0,0,1,1,0,0,0,0,0,0,0,0,0,0,0,0,0,0,0,0,0,2,2,1,0,0,18,19
54,Round 1,Site 62,Toowoomba RC,Warrego Hwy,-27.46388,151.73211,2014-11-19,3.00 pm,53,0,0,0,0,0,0,2,0,0,2,0,0,0,0,0,0,1,0,0,1,0,0,0,0,0,0,0,0,0,0,0,0,0,0,0,0,0,0,0,0,0,0,0,0,0,0,0,0,0,0,0,0,0,0,0,1,0,1,0,3,1,0,4
55,Round 1,Site 63,Western Downs RC,Warrego Hwy,-26.75388,150.65316,2014-10-15,4.00 pm,37,0,0,0,1,1,1,0,0,0,1,0,0,0,1,1,0,0,2,0,2,0,0,0,8,8,0,0,3,17,0,0,1,1,2,0,0,8,2,10,0,0,0,0,0,0,0,0,0,0,0,0,0,0,0,0,0,0,0,1,0,14,30,45
56,Round 1,Site 64,Western Downs RC,Warrego Hwy,-26.65508,150.16703,2014-10-16,1.00pm,20,0,0,0,1,1,4,0,0,0,4,0,0,0,2,2,0,0,2,7,9,117,0,0,6,123,0,0,0,2,0,0,0,0,0,0,0,2,7,9,0,0,0,1,1,0,0,0,0,0,0,0,0,0,0,0,0,0,0,121,0,4,26,151
57,Round 1,Site 65,Maranoa RC,Warrego Hwy,-26.581306,148.71761,2014-10-15,12.05 pm,24,0,0,0,0,0,0,0,0,0,0,0,0,1,1,2,0,0,0,6,6,4,0,1,0,5,0,0,0,0,0,0,1,0,1,0,0,1,2,3,0,0,0,1,1,0,0,0,0,0,0,0,0,0,0,0,0,4,4,4,0,4,14,22
58,Round 1,Site 66,Maranoa RC,Warrego Hwy,-26.581431,148.718428,2014-10-15,1.10 pm,4,0,0,0,0,0,1,0,0,0,1,0,0,0,0,0,0,0,0,2,2,6,0,0,0,6,0,0,1,2,0,0,0,0,0,0,0,0,0,0,0,0,0,0,0,0,0,0,0,0,0,0,0,0,0,0,0,0,0,7,0,1,4,12
59,Round 1,Site 67,Toowoomba RC,Warrego Hwy,-27.41275,151.67678,2014-11-19,1.30 pm,57,0,0,0,0,0,8,0,0,0,8,0,0,0,0,0,0,0,0,0,0,0,0,0,0,0,0,0,0,1,0,0,0,0,0,0,0,0,0,0,0,0,0,0,0,0,0,0,0,0,0,0,0,0,0,0,0,0,0,8,0,0,1,9
60,Round 1,Site 68,Toowoomba RC,Warrego Hwy,-27.57155,151.98162,2014-11-18,9.00 am,74,0,0,1,0,1,9,0,0,0,9,0,0,0,0,0,2,2,1,5,10,0,0,0,0,0,0,0,0,1,0,0,1,4,5,0,0,0,2,2,0,0,0,0,0,0,0,0,0,0,0,0,0,0,0,0,1,2,3,11,2,4,14,31
61,Round 1,Site 69,Western Downs RC,Warrego Hwy,-26.96969,150.98376,2014-10-15,5.45 pm,18,0,0,0,0,0,0,0,0,0,0,0,0,0,3,3,0,0,0,0,0,2,0,0,18,20,0,0,0,0,0,0,0,1,1,0,0,0,0,0,0,0,0,0,0,0,0,0,0,0,0,0,0,0,0,0,0,0,0,2,0,0,22,24
62,Round 1,Site 70,Western Downs RC,Warrego Hwy,-26.67732,150.41197,2014-10-16,2.25 pm,42,0,0,0,0,0,1,0,0,0,1,1,0,0,2,3,1,0,0,5,6,1,0,0,1,2,0,0,0,3,0,1,0,0,1,0,0,0,1,1,0,0,0,0,0,0,0,7,7,0,0,0,0,0,0,0,0,0,0,4,1,0,19,24
63,Round 1,Site 71,Mackay RC,Peak Downs Hwy,-22.0492,148.13158,2014-10-23,11.30 am,24,0,0,0,0,0,0,0,0,0,0,0,0,0,0,0,0,0,0,0,0,62,0,0,2,64,0,0,0,3,0,0,0,0,0,0,0,0,0,0,0,0,0,4,4,0,0,0,0,0,0,0,0,0,0,0,0,0,0,62,0,0,9,71
64,Round 1,Site 72,Mackay RC,Peak Downs Hwy,-21.60861,148.72612,2014-10-23,5.00pm,27,0,0,0,1,1,2,0,0,0,2,0,0,0,4,4,0,0,0,15,15,83,0,0,23,106,0,0,3,13,1,0,1,6,8,0,0,4,9,13,0,0,0,1,1,0,0,0,0,0,0,0,0,0,0,0,0,0,0,86,0,8,72,166
65,Round 1,Site 73,Mackay RC,Peak Downs Hwy,-21.38817,148.94095,2014-10-24,9.30 am,29,0,0,0,0,0,7,0,0,0,7,0,0,0,2,2,0,0,0,4,4,76,0,0,6,82,0,0,1,10,0,0,0,0,0,0,0,0,5,5,0,0,0,5,5,0,0,0,0,0,0,0,0,0,0,0,0,0,0,83,0,1,32,116
66,Round 1,Site 74,Mackay RC,Peak Downs Hwy,-21.88514,148.41015,2014-10-23,1.22 pm,20,0,0,0,0,0,3,0,0,0,3,0,0,0,3,3,0,1,0,3,4,79,0,1,26,106,0,1,1,14,0,0,0,1,1,0,0,0,4,4,0,0,0,0,0,0,0,0,0,0,0,0,0,0,0,0,0,0,0,82,2,2,51,137
67,Round 1,Site 75,Mackay RC,Peak Downs Hwy,-21.814,148.6812,2014-10-23,2.45 pm,24,0,0,0,0,0,0,0,0,0,0,0,0,0,1,1,0,0,0,1,1,2,0,0,0,2,0,0,2,8,0,0,0,1,1,0,0,0,4,4,0,0,0,0,0,0,0,0,0,0,0,0,0,0,0,0,0,0,0,2,0,2,15,19
68,Round 1,Site 76,Mackay RC,Peak Downs Hwy,-21.50784,148.79193,2014-10-24,11.25 am,22,0,0,0,0,0,0,0,0,0,0,0,0,0,6,6,0,0,0,3,3,80,1,0,31,112,0,0,2,8,0,0,0,1,1,0,0,0,10,10,0,0,0,0,0,0,0,23,23,0,0,0,0,0,0,0,0,0,0,80,1,2,82,165
69,Round 1,Site 77,Mackay RC,Peak Downs Hwy,-21.94138,148.30023,2014-10-23,12.40 pm,12,0,0,0,2,2,0,0,0,0,0,0,0,0,0,0,0,0,0,0,0,0,0,0,0,0,0,0,0,1,0,0,0,2,2,0,0,0,0,0,0,0,0,0,0,0,0,0,0,0,0,0,0,0,0,0,0,0,0,0,0,0,5,5
70,Round 1,Site 78,Mackay RC,Peak Downs Hwy,-21.81344,148.68217,2014-10-23,3.25 pm,29,0,0,0,0,0,0,0,0,0,0,0,0,0,2,2,0,0,0,1,1,0,0,0,3,3,0,0,0,0,0,0,0,1,1,0,0,1,0,1,0,0,0,1,1,0,0,0,0,0,0,0,0,0,0,0,0,0,0,0,0,1,8,9
71,Round 1,Site 79,Mackay RC,Peak Downs Hwy,-21.43302,148.87991,2014-10-24,10.45 am,30,0,0,0,0,0,0,0,0,0,0,0,0,0,0,0,0,0,0,1,1,0,0,0,0,0,0,0,0,0,0,0,0,0,0,0,0,0,0,0,0,0,0,0,0,0,0,0,0,0,0,0,0,0,0,0,0,0,0,0,0,0,1,1
72,Round 1,Site 31,Southern Downs RC,Cunningham Hwy,-28.074186,152.186912,2014-10-10,10.15 am,32,0,0,2,0,2,0,0,0,0,0,0,0,0,0,0,0,0,0,4,4,0,0,0,0,0,0,0,1,0,0,0,4,0,4,0,0,0,1,1,0,0,0,0,0,0,0,0,0,0,0,0,0,0,0,0,0,3,3,0,0,7,8,15
73,Round 1,Site 47,Southern Downs RC,New England Hwy,-28.28771,151.9528,2014-10-10,2.00 pm,23,0,0,26,0,26,2,0,0,0,2,0,0,0,0,0,4,0,0,0,4,0,0,0,0,0,0,0,1,5,0,0,0,4,4,0,0,0,2,2,0,0,0,3,3,0,0,0,0,0,0,0,0,0,0,0,0,0,0,6,0,27,14,47
74,Round 1,Site 51,Southern Downs RC,New England Hwy,-28.32401,151.91914,2014-10-10,4.00 pm,15,0,0,0,0,0,0,0,0,0,0,0,0,0,1,1,0,0,0,8,8,13,0,0,0,13,0,0,1,0,0,0,0,0,0,0,0,0,3,3,0,0,0,1,1,0,0,0,0,0,0,0,0,0,0,0,0,0,0,13,0,1,13,27
75,Round 1,Site 53,Southern Downs RC,New England Hwy,-28.29997,151.92949,2014-10-10,2.50 pm,31,0,0,2,0,2,0,0,0,0,0,0,0,0,0,0,0,0,0,0,0,1,0,0,0,1,0,0,0,0,0,0,0,0,0,0,0,0,0,0,0,0,0,0,0,0,0,0,0,0,0,0,0,0,0,0,0,0,0,1,0,2,0,3
76,Round 1,Site 54,Southern Downs RC,New England Hwy,-28.45226,151.95573,2014-10-10,3.30 pm,22,0,0,0,0,0,0,0,0,0,0,0,0,0,0,0,0,0,0,0,0,2,0,0,0,2,0,0,2,1,0,0,0,1,1,0,0,1,0,1,0,0,0,0,0,0,0,0,0,0,0,0,0,0,0,0,0,0,0,2,0,3,2,7
77,Round 2,Site 24,Southern Downs RC,Cunningham Hwy,-28.1811,151.90774,2015-05-19,11:05am,4,0,0,0,0,0,0,1,0,0,1,0,0,0,0,0,0,0,0,2,2,1,0,0,0,1,0,0,0,3,0,0,6,6,12,0,0,3,0,3,0,0,0,5,5,0,0,0,0,0,0,0,0,0,0,0,0,0,0,1,1,9,16,27
78,Round 2,Site 25,Southern Downs RC,Cunningham Hwy,-28.059344,152.321498,2015-05-19,9:30am,26,0,0,0,0,0,0,2,0,0,2,0,0,0,0,0,0,0,0,1,1,3,0,0,0,3,0,0,1,3,0,1,7,7,15,0,0,0,1,1,0,0,0,0,0,0,0,0,0,0,0,0,0,0,0,0,0,0,0,3,3,8,12,26
79,Round 2,Site 28,Southern Downs RC,Cunningham Hwy,-28.20083,151.95254,2015-05-19,11:30am,12,0,0,0,0,0,0,0,0,0,0,0,0,0,0,0,0,0,0,0,0,0,0,0,0,0,0,0,0,0,0,0,0,0,0,0,0,0,0,0,0,0,0,0,0,0,0,0,0,0,0,0,0,0,0,0,0,0,0,0,0,0,0,0
80,Round 2,Site 1,Balonne SC,Barwon Hwy,-28.34648,148.83425,2015-05-27,,4,0,0,0,0,0,149,3,0,0,152,0,0,0,0,0,7,0,0,0,7,0,0,0,0,0,0,0,1,1,0,0,0,1,1,0,0,4,1,5,0,0,0,0,0,0,0,0,0,0,0,0,0,0,0,0,0,0,0,156,3,5,3,167
81,Round 2,Site 2,Balonne SC,Barwon Hwy,-28.353551,148.953699,2015-05-27,9:40am,2,0,0,0,0,0,1,0,0,0,1,0,0,0,0,0,0,0,0,0,0,0,0,0,0,0,0,0,0,1,0,0,0,0,0,0,0,0,0,0,0,0,0,0,0,0,0,0,0,0,0,0,0,0,0,0,0,1,1,1,0,0,2,3
82,Round 2,Site 3,Goondiwindi RC,Barwon Hwy,-28.419,149.6741,2015-05-27,11:30am,1,0,0,0,0,0,10,0,0,0,10,0,0,0,0,0,0,0,0,2,2,0,0,0,0,0,0,0,1,0,0,1,0,1,2,0,0,0,2,2,0,0,0,0,0,0,0,0,0,0,0,0,0,0,0,0,0,0,0,10,1,1,5,17
83,Round 2,Site 4,Goondiwindi RC,Barwon Hwy,-28.44234,149.72693,2015-05-27,12:00pm,3,0,0,0,0,0,0,0,0,0,0,0,0,0,0,0,0,0,0,1,1,0,0,0,0,0,0,0,0,1,0,0,0,2,2,0,0,2,1,3,0,0,0,0,0,0,0,0,0,0,0,0,0,0,0,0,0,1,1,0,0,2,6,8
84,Round 2,Site 5,Goondiwindi RC,Barwon Hwy,-28.47378,149.51393,2015-05-27,10:35am,5,0,0,0,0,0,3,0,0,0,3,0,0,0,0,0,0,0,0,1,1,0,0,0,0,0,0,0,0,0,0,0,0,0,0,0,0,0,0,0,0,0,0,0,0,0,0,0,0,0,0,0,0,0,0,0,0,0,0,3,0,0,1,4
85,Round 2,Site 6,Balonne SC,Barwon Hwy,-28.356073,148.884019,2015-05-27,9:00am,2,0,0,0,0,0,11,0,0,0,11,0,0,0,0,0,0,0,0,0,0,0,0,0,0,0,0,0,0,0,0,0,0,0,0,0,0,0,0,0,0,0,0,0,0,0,0,0,0,0,0,0,0,0,0,0,0,1,1,11,0,0,1,12
86,Round 2,Site 7,Goondiwindi RC,Barwon Hwy,-28.4366,149.77331,2015-05-27,12:30pm,6,0,0,0,0,0,0,0,0,0,0,0,0,0,0,0,1,0,0,1,2,0,0,0,0,0,0,0,0,0,0,0,0,0,0,0,0,0,0,0,0,0,0,0,0,0,0,0,0,0,0,0,0,0,0,0,0,0,0,1,0,0,1,2
87,Round 2,Site 8,Goondiwindi RC,Barwon Hwy,-28.42587,149.94518,2015-05-27,2:45pm,4,0,0,0,0,0,1,0,0,0,1,0,0,0,0,0,0,0,0,2,2,0,0,0,0,0,0,0,0,0,0,0,0,0,0,0,0,1,1,2,0,0,0,0,0,0,0,0,0,0,0,0,0,0,0,0,0,1,1,1,0,1,4,6
88,Round 2,Site 9,Goondiwindi RC,Barwon Hwy,-28.50042,150.12953,2015-05-27,2:15pm,6,0,0,0,0,0,5,0,0,0,5,0,0,0,0,0,0,0,0,1,1,0,0,0,0,0,0,0,0,0,0,0,0,0,0,0,0,0,0,0,0,0,0,0,0,0,0,0,0,0,0,0,0,0,4,0,0,1,5,9,0,0,2,11
89,Round 2,Site 10,Goondiwindi RC,Barwon Hwy,-28.46433,150.03195,2015-05-27,1:50pm,6,0,0,0,0,0,0,0,0,0,0,0,0,0,0,0,0,0,0,2,2,0,0,0,0,0,0,0,0,1,0,0,0,0,0,0,0,0,0,0,0,0,0,0,0,0,0,1,1,0,0,0,0,0,0,0,0,0,0,0,0,0,4,4
90,Round 2,Site 11,Maranoa RC,Carnarvon Hwy,-26.197053,148.703538,2015-05-26,11:10am,6,0,0,0,0,0,0,0,0,0,0,0,0,0,0,0,0,0,0,0,0,0,0,0,0,0,0,0,1,0,0,0,1,0,1,0,0,2,0,2,0,0,0,0,0,0,0,0,0,0,0,0,0,0,0,0,0,0,0,0,0,4,0,4
91,Round 2,Site 12,Maranoa RC,Carnarvon Hwy,-26.658199,148.875451,2015-05-26,9:30am,9,0,0,0,0,0,0,0,0,0,0,0,0,0,0,0,0,0,0,0,0,12,0,0,0,12,0,0,0,0,0,0,0,0,0,0,0,6,0,6,0,0,0,0,0,0,0,0,0,0,0,0,0,0,0,0,0,0,0,12,0,6,0,18
92,Round 2,Site 13,Balonne SC,Carnarvon Hwy,-27.68305,148.81744,2015-05-27,,5,0,0,0,0,0,1,0,0,0,1,0,0,0,0,0,0,0,0,2,2,0,0,0,0,0,0,0,5,0,0,0,0,0,0,0,0,1,0,1,0,0,0,0,0,0,0,0,0,0,0,0,0,0,0,0,0,0,0,1,0,6,2,9
93,Round 2,Site 14,Balonne SC,Carnarvon Hwy,-28.34238,148.83122,2015-05-27,,1,0,0,2,0,2,5,0,0,0,5,0,0,0,0,0,41,0,0,0,41,0,0,0,0,0,0,0,0,0,0,0,0,3,3,0,0,5,0,5,0,0,0,0,0,0,0,0,0,0,0,0,1,1,0,0,0,1,1,46,0,7,5,58
94,Round 2,Site 15,Balonne SC,Carnarvon Hwy,-28.945315,148.9741,2015-05-27,,2,0,0,0,0,0,0,0,0,0,0,0,0,0,0,0,0,0,0,0,0,0,0,0,0,0,0,0,0,0,0,0,0,0,0,0,0,0,0,0,0,0,0,0,0,0,0,0,0,0,0,0,0,0,0,0,0,0,0,0,0,0,0,0
95,Round 2,Site 16,Maranoa RC,Carnarvon Hwy,-26.476452,148.799126,2015-06-10,11:30pm,16,0,0,0,0,0,3,0,0,0,3,0,0,0,0,0,0,0,0,0,0,31,0,0,0,31,0,0,0,0,0,0,0,0,0,0,0,0,0,0,0,0,0,0,0,0,0,0,0,0,0,0,0,0,0,0,0,0,0,34,0,0,0,34
96,Round 2,Site 17,Maranoa RC,Carnarvon Hwy,-26.485159,148.796118,2015-05-26,1:25pm,17,0,0,0,0,0,0,0,0,0,0,0,0,0,0,0,0,0,0,0,0,0,0,0,0,0,0,0,0,0,0,0,0,0,0,0,0,0,0,0,0,0,0,0,0,0,0,0,0,0,0,0,0,0,0,0,0,0,0,0,0,0,0,0
97,Round 2,Site 18,Maranoa RC,Carnarvon Hwy,-26.630476,148.870191,2015-05-26,10:00am,8,0,0,0,0,0,0,0,0,0,0,0,0,0,0,0,0,0,0,0,0,0,0,0,0,0,0,0,0,0,0,0,0,0,0,0,0,0,0,0,0,0,0,0,0,0,0,0,0,0,0,0,0,0,0,0,0,0,0,0,0,0,0,0
98,Round 2,Site 19,Maranoa RC,Carnarvon Hwy,-26.441357,148.79566,2015-05-27,12:05pm,7,0,0,0,0,0,0,0,0,0,0,0,0,0,0,0,0,0,0,0,0,1,0,0,0,1,0,0,0,0,0,0,0,0,0,0,0,0,0,0,0,0,0,0,0,0,0,0,0,0,0,0,0,0,0,0,0,0,0,1,0,0,0,1
99,Round 2,Site 21,Balonne SC,Carnarvon Hwy,-28.06027,148.63175,2015-05-27,,8,0,0,0,0,0,6,0,0,0,6,0,0,0,0,0,0,0,0,0,0,0,0,0,0,0,0,0,0,0,0,0,0,0,0,0,0,1,0,1,0,0,0,0,0,0,0,0,0,0,0,0,0,0,0,0,0,0,0,6,0,1,0,7
100,Round 2,Site 22,Balonne SC,Carnarvon Hwy,-28.35419,148.84764,2015-05-27,8.00am,11,0,0,0,0,0,2,0,0,0,2,0,0,0,0,0,0,0,0,0,0,0,0,0,0,0,0,0,0,0,0,0,0,0,0,0,0,0,0,0,0,0,0,0,0,0,0,0,0,0,0,0,0,0,0,0,0,0,0,2,0,0,0,2
101,Round 2,Site 23,Balonne SC,Carnarvon Hwy,-28.89322,148.93916,2015-05-27,,2,0,0,0,0,0,8,0,0,0,8,0,0,0,0,0,14,0,0,0,14,0,0,0,0,0,0,0,0,0,0,0,0,0,0,0,0,0,0,0,0,0,0,0,0,0,0,0,0,0,0,0,0,0,0,0,0,0,0,22,0,0,0,22
102,Round 2,Site 26,Goondiwindi RC,Cunningham Hwy,-28.49518,150.41039,2015-05-28,7:45am,8,0,0,0,0,0,1,0,0,0,1,0,0,0,0,0,0,0,0,4,4,0,0,0,1,1,0,0,1,0,0,0,0,0,0,0,0,0,0,0,0,0,0,3,3,0,0,0,0,0,0,0,0,0,0,1,0,4,5,1,1,1,12,15
103,Round 2,Site 27,Goondiwindi RC,Cunningham Hwy,-28.515517,150.9177,2015-05-28,8:50am,6,0,0,0,1,1,6,0,0,0,6,0,0,0,0,0,0,0,0,1,1,0,0,0,0,0,0,0,1,0,0,0,0,1,1,0,0,11,1,12,0,0,0,1,1,0,0,0,0,0,0,0,0,0,0,0,0,10,10,6,0,12,15,33
104,Round 2,Site 31,Southern Downs RC,Cunningham Hwy,-28.074186,152.186912,2015-05-19,10:10am,22,0,0,0,0,0,0,0,0,0,0,0,0,0,0,0,0,0,0,0,0,0,0,0,0,0,0,0,0,1,1,0,0,2,3,0,0,0,0,0,0,0,0,0,0,0,0,0,0,0,0,0,0,0,0,0,0,0,0,1,0,0,3,4
105,Round 2,Site 29,Goondiwindi RC,Cunningham Hwy,-28.4091,151.17122,2015-05-28,10:30am,16,0,0,0,0,0,11,0,0,0,11,0,0,0,1,1,0,0,0,10,10,0,0,0,0,0,0,0,1,0,0,0,0,0,0,0,0,0,0,0,0,0,0,0,0,0,0,0,0,0,0,0,0,0,3,0,0,0,3,14,0,1,11,26
106,Round 2,Site 30,Goondiwindi RC,Cunningham Hwy,-28.49829,150.56354,2015-05-27,4:30pm,5,0,0,0,0,0,3,0,0,0,3,0,0,0,2,2,1,0,0,9,10,0,0,0,0,0,0,0,0,5,0,0,0,0,0,0,0,4,2,6,0,0,0,0,0,0,0,0,0,0,0,0,1,1,0,0,0,1,1,4,0,4,20,28
107,Round 2,Site 32,Goondiwindi RC,Cunningham Hwy,-28.409364,151.227522,2015-05-28,11:20am,5,0,0,0,0,0,0,0,0,0,0,0,0,0,0,0,0,0,0,0,0,0,0,0,0,0,0,0,0,0,0,0,0,0,0,0,0,0,0,0,0,0,0,0,0,0,0,0,0,0,0,0,0,0,0,0,0,1,1,0,0,0,1,1
108,Round 2,Site 33,Goondiwindi RC,Cunningham Hwy,-28.492725,150.529419,2015-05-27,4:05pm,7,0,0,0,0,0,2,0,0,0,2,0,0,0,0,0,2,0,0,3,5,0,0,0,0,0,0,0,0,2,0,0,0,0,0,0,0,1,0,1,0,1,0,0,1,0,0,0,0,0,0,0,0,0,0,0,0,0,0,4,1,1,5,11
109,Round 2,Site 34,Balonne SC,Moonie Hwy,-27.99254,148.6595,2015-05-18,8.00am,5,0,0,2,1,3,0,0,0,0,0,0,0,0,0,0,0,0,0,0,0,1,0,0,0,1,0,0,1,4,0,0,0,0,0,0,0,2,1,3,0,0,0,1,1,0,0,0,0,0,0,0,0,0,0,0,0,0,0,1,0,5,7,13
110,Round 2,Site 35,Western Downs RC,Moonie Hwy,-27.62157,150.49385,2015-05-19,12.55pm,2,0,0,0,1,1,1,0,0,0,1,0,0,0,9,9,1,0,1,29,31,20,0,0,62,82,0,0,1,3,0,3,0,0,3,0,0,8,4,12,0,0,0,2,2,0,0,0,0,0,0,0,0,0,0,0,0,0,0,22,3,10,110,145
111,Round 2,Site 36,Western Downs RC,Moonie Hwy,-27.52235,150.64522,2015-05-19,2.15pm,4,0,0,0,0,0,0,0,0,0,0,0,0,0,19,19,1,0,0,33,34,0,0,0,18,18,0,0,0,9,6,4,0,6,16,0,0,0,2,2,0,0,0,2,2,0,0,0,0,0,0,0,0,0,0,0,0,0,0,7,4,0,89,100
112,Round 2,Site 37,Balonne SC,Moonie Hwy,-27.96873,148.93798,2015-05-18,9.00am,3,0,0,0,3,3,0,0,0,0,0,0,0,0,0,0,0,0,0,1,1,0,0,1,4,5,0,0,0,0,0,0,0,0,0,0,0,0,0,0,0,0,0,1,1,0,0,1,1,0,0,0,0,0,0,0,0,0,0,0,0,1,10,11
113,Round 2,Site 38,Western Downs RC,Moonie Hwy,-27.32852,150.92941,2015-05-19,4.25pm,6,0,0,0,0,0,0,0,0,0,0,0,0,0,2,2,1,0,0,9,10,0,0,0,0,0,0,0,0,5,0,0,0,0,0,0,0,0,1,1,0,0,0,0,0,0,0,0,0,0,0,0,0,0,0,0,0,0,0,1,0,0,17,18
114,Round 2,Site 39,Western Downs RC,Moonie Hwy,-27.96562,149.49045,2015-05-19,10.00am,0,0,0,0,0,0,1,0,0,0,1,0,0,0,1,1,0,0,0,2,2,14,1,0,0,15,0,0,0,0,0,0,0,0,0,0,0,0,0,0,0,0,0,0,0,0,0,0,0,0,0,0,0,0,0,0,0,0,0,15,1,0,3,19
115,Round 2,Site 40,Western Downs RC,Moonie Hwy,-27.92569,149.76821,2015-05-18,11.25am,7,0,0,0,0,0,1,0,0,0,1,0,0,0,0,0,0,0,0,0,0,19,1,0,0,20,0,0,0,0,0,0,0,0,0,0,0,0,0,0,0,0,0,0,0,0,0,0,0,0,0,0,0,0,0,0,0,0,0,20,1,0,0,21
116,Round 2,Site 41,Western Downs RC,Moonie Hwy,-27.70565,150.37946,2015-05-19,12.00pm,4,0,0,0,0,0,29,0,0,0,29,0,0,0,0,0,5,0,0,21,26,33,0,0,5,38,0,0,0,7,1,2,0,0,3,0,0,0,2,2,0,0,0,0,0,0,0,0,0,0,0,0,0,0,0,0,0,0,0,68,2,0,35,105
117,Round 2,Site 42,Western Downs RC,Moonie Hwy,-27.47481,150.74769,2015-05-18,3.15pm,3,0,0,0,0,0,0,0,0,0,0,0,0,0,0,0,0,0,0,1,1,0,0,0,1,1,0,0,0,0,0,0,0,0,0,0,0,0,0,0,0,0,0,0,0,0,0,0,0,0,0,0,0,0,0,0,0,0,0,0,0,0,2,2
118,Round 2,Site 43,Western Downs RC,Moonie Hwy,-27.33504,150.8456,2015-05-19,3.45pm,3,0,0,1,1,2,0,0,0,0,0,0,0,0,0,0,0,1,0,2,3,2,0,0,24,26,0,0,0,0,0,0,0,0,0,0,3,0,2,5,0,0,0,0,0,0,0,0,0,0,0,0,0,0,0,0,0,0,0,2,4,1,29,36
119,Round 2,Site 44,Western Downs RC,Moonie Hwy,-27.92741,149.87367,2015-05-18,12.00pm,2,0,0,0,0,0,4,1,0,20,25,0,0,0,1,1,0,0,0,7,7,2,0,0,9,11,0,0,0,5,0,2,0,1,3,0,0,3,0,3,0,0,0,0,0,0,0,0,0,0,0,0,0,0,0,0,0,0,0,6,3,3,43,55
120,Round 2,Site 45,Western Downs RC,Moonie Hwy,-27.83196,150.15318,2015-05-18,12.45pm,0,0,0,0,0,0,2,0,0,0,2,0,0,0,11,11,1,0,0,8,9,34,0,1,24,59,0,0,0,16,1,0,0,1,2,0,0,0,2,2,0,0,0,1,1,0,0,0,0,0,0,0,0,0,0,0,0,0,0,38,0,1,63,102
121,Round 2,Site 46,Toowoomba RC,New England Hwy,-27.51216,151.95424,2015-06-11,9:15am,83,0,0,0,0,0,0,0,0,0,0,0,0,0,0,0,7,0,0,0,7,0,0,0,0,0,0,0,0,0,0,0,0,0,0,0,0,0,0,0,0,0,0,0,0,0,0,0,0,0,0,0,0,0,0,0,0,0,0,7,0,0,0,7
122,Round 2,Site 48,Toowoomba RC,New England Hwy,,,2015-06-10,11:35am,2,0,0,0,0,0,5,0,0,0,5,0,0,0,0,0,200,0,0,0,200,0,0,0,0,0,1,0,0,0,1,0,1,0,2,0,0,0,0,0,0,0,0,0,0,0,0,0,0,0,0,0,0,0,0,0,0,0,0,207,0,1,0,208
123,Round 2,Site 49,Toowoomba RC,New England Hwy,-27.42113,151.99307,2015-06-10,10:25am,12,0,0,0,0,0,2,0,0,0,2,0,0,0,0,0,7,0,1,0,8,0,0,0,0,0,0,0,0,0,0,0,14,0,14,0,0,1,0,1,0,0,0,0,0,0,0,0,0,0,0,0,0,0,0,0,0,0,0,9,0,16,0,25
124,Round 2,Site 50,Toowoomba RC,New England Hwy,-27.716,151.911,2015-06-10,3:25pm,23,0,0,0,0,0,14,0,0,0,14,0,0,0,0,0,0,0,0,0,0,0,0,0,0,0,0,0,0,0,0,0,2,0,2,0,0,0,0,0,0,0,0,0,0,0,0,0,0,0,0,0,0,0,0,0,0,0,0,14,0,2,0,16
125,Round 2,Site 47,Southern Downs RC,New England Hwy,-28.28771,151.9528,2015-05-19,2:15pm,29,0,0,0,0,0,1,0,0,0,1,0,0,0,0,0,0,0,0,0,0,1,0,0,1,2,0,0,1,5,0,0,3,11,14,0,0,0,1,1,0,0,0,3,3,0,0,0,0,0,0,0,0,0,0,0,0,0,0,2,0,4,21,27
126,Round 2,Site 52,Toowoomba RC,New England Hwy,-27.71627,151.90047,2015-06-10,9:30am,30,0,0,0,0,0,0,0,0,0,0,0,0,0,0,0,0,0,0,0,0,0,0,0,0,0,0,0,0,0,0,0,0,0,0,0,0,0,0,0,0,0,0,0,0,0,0,0,0,0,0,0,0,0,0,0,0,0,0,0,0,0,0,0
127,Round 2,Site 55,Maranoa RC,Warrego Hwy,-26.48611,147.851436,2015-05-26,2:51pm,7,0,0,0,0,0,0,0,0,0,0,0,0,0,0,0,0,0,0,0,0,1,0,0,0,1,0,0,2,0,0,0,1,0,1,0,0,0,0,0,0,0,0,0,0,0,0,0,0,0,0,0,0,0,0,0,0,0,0,1,0,3,0,4
128,Round 2,Site 56,Maranoa RC,Warrego Hwy,-26.6209,149.457068,2015-05-27,10:00am,18,0,0,0,0,0,0,0,0,0,0,0,0,0,0,0,0,0,0,0,0,2,0,0,0,2,0,0,1,0,0,0,1,0,1,0,0,5,0,5,0,0,0,0,0,0,0,0,0,0,0,0,0,0,0,0,0,0,0,2,0,7,0,9
129,Round 2,Site 57,Toowoomba RC,Warrego Hwy,-27.565,151.99,2015-06-10,4:10pm,63,0,0,0,0,0,0,0,0,0,0,0,0,0,0,0,0,0,0,0,0,0,0,0,0,0,0,0,0,0,0,0,3,0,3,0,0,0,0,0,0,0,0,0,0,0,0,0,0,0,0,0,0,0,0,0,0,0,0,0,0,3,0,3
130,Round 2,Site 59,Western Downs RC,Warrego Hwy,-26.64315,150.0113,2015-05-20,10:44am,15,0,0,2,1,3,0,0,0,0,0,0,0,0,4,4,0,0,0,6,6,66,0,0,53,119,0,0,2,5,0,2,0,4,6,0,0,2,1,3,0,0,0,9,9,0,0,0,0,0,1,0,0,1,0,0,0,0,0,66,3,6,83,158
131,Round 2,Site 60,Maranoa RC,Warrego Hwy,-26.48697,148.041911,2015-05-26,3:30pm,3,0,0,0,0,0,0,0,0,0,0,0,0,0,0,0,0,0,0,0,0,0,0,0,0,0,0,0,0,0,0,0,2,0,2,0,0,0,0,0,0,0,0,0,0,0,0,0,0,0,0,0,0,0,0,0,0,0,0,0,0,2,0,2
132,Round 2,Site 61,Maranoa RC,Warrego Hwy,-26.598035,149.300086,2015-05-27,10:50am,24,0,0,0,0,0,0,0,0,0,0,0,0,0,0,0,3,0,0,0,3,15,0,0,0,15,0,0,0,0,0,0,0,0,0,0,0,0,0,0,0,0,0,0,0,0,0,0,0,0,0,0,0,0,0,0,0,0,0,18,0,0,0,18
133,Round 2,Site 62,Toowoomba RC,Warrego Hwy,-27.46388,151.73211,2015-06-10,2:15pm,26,0,0,0,0,0,0,0,0,0,0,0,0,0,0,0,12,0,5,2,19,0,0,0,0,0,0,0,0,0,0,0,33,0,33,0,0,4,0,4,0,0,0,0,0,0,0,0,0,0,0,0,0,0,0,0,0,0,0,12,0,42,2,56
134,Round 2,Site 63,Western Downs RC,Warrego Hwy,-26.75388,150.65316,2015-05-21,11:15am,26,0,0,0,1,1,2,0,0,0,2,0,0,0,0,0,0,0,0,1,1,6,0,0,7,13,0,0,0,10,0,0,0,0,0,0,0,1,0,1,0,0,0,1,1,0,0,0,0,0,0,0,0,0,0,0,0,0,0,8,0,1,20,29
135,Round 2,Site 64,Western Downs RC,Warrego Hwy,-26.65508,150.16703,2015-05-20,12:00pm,13,0,0,1,0,1,0,0,0,0,0,0,0,0,0,0,0,0,0,1,1,72,0,0,0,72,0,0,0,5,0,0,0,0,0,0,0,0,0,0,0,0,0,0,0,0,0,0,0,0,0,0,0,0,0,0,0,0,0,72,0,1,6,79
136,Round 2,Site 65,Maranoa RC,Warrego Hwy,-26.581306,148.71761,2015-05-27,11:20am,14,0,0,0,0,0,0,0,0,0,0,0,0,0,0,0,0,0,0,0,0,0,0,0,0,0,0,0,0,0,0,0,0,0,0,0,0,0,0,0,0,0,0,0,0,0,0,0,0,0,0,0,0,0,0,0,0,0,0,0,0,0,0,0
137,Round 2,Site 66,Maranoa RC,Warrego Hwy,-26.581431,148.718428,2015-05-26,1:49pm,9,0,0,0,0,0,0,0,0,0,0,0,0,0,0,0,0,0,0,0,0,2,0,0,0,2,0,0,1,0,0,0,0,0,0,0,0,0,0,0,0,0,0,0,0,0,0,0,0,0,0,0,0,0,0,0,0,0,0,2,0,1,0,3
138,Round 2,Site 67,Toowoomba RC,Warrego Hwy,-27.41275,151.67678,2015-06-10,1:45pm,22,0,0,0,0,0,0,0,0,0,0,0,0,0,0,0,0,0,0,0,0,0,0,0,0,0,0,0,0,0,0,0,0,0,0,0,0,0,0,0,0,0,0,0,0,0,0,0,0,0,0,0,0,0,12,0,0,0,12,12,0,0,0,12
139,Round 2,Site 68,Toowoomba RC,Warrego Hwy,-27.57155,151.98162,2015-06-11,9:40am,74,0,0,0,0,0,2,0,0,0,2,0,0,0,0,0,1,0,0,0,1,0,0,0,0,0,0,0,0,0,0,0,2,0,2,0,0,0,0,0,0,0,0,0,0,0,0,0,0,0,0,0,0,0,3,0,0,0,3,6,0,2,0,8
140,Round 2,Site 69,Western Downs RC,Warrego Hwy,-26.96969,150.98376,2015-05-21,12:00pm,18,0,0,0,0,0,1,0,0,0,1,0,0,0,2,2,0,0,0,0,0,0,0,0,4,4,0,0,0,0,0,0,0,0,0,0,0,0,0,0,0,0,0,0,0,0,0,0,0,0,0,0,0,0,0,0,0,0,0,1,0,0,6,7
141,Round 2,Site 70,Western Downs RC,Warrego Hwy,-26.67732,150.41197,2015-05-20,1:45pm,26,0,0,0,0,0,3,0,0,0,3,0,0,0,4,4,0,0,0,6,6,2,0,0,2,4,0,0,0,1,0,0,0,0,0,0,0,0,0,0,0,0,0,0,0,0,0,0,0,0,0,0,0,0,0,0,0,0,0,5,0,0,13,18
142,Round 2,Site 71,Mackay RC,Peak Downs Hwy,-22.0492,148.13158,2015-05-26,3:15pm,7,0,0,0,0,0,0,0,0,0,0,0,0,0,0,0,0,0,0,0,0,90,0,1,2,93,0,0,2,4,0,0,1,8,9,0,0,0,0,0,0,0,0,4,4,0,0,0,0,0,0,0,0,0,0,0,0,0,0,90,0,4,18,112
143,Round 2,Site 72,Mackay RC,Peak Downs Hwy,-21.60861,148.72612,2015-06-04,8:15am,22,0,0,0,1,1,1,0,0,0,1,0,0,0,3,3,0,0,0,15,15,88,0,1,17,106,0,0,1,4,0,0,1,14,15,0,0,10,3,13,0,0,0,3,3,0,0,0,0,0,0,0,0,0,0,0,13,32,45,89,0,26,92,207
144,Round 2,Site 73,Mackay RC,Peak Downs Hwy,-21.38817,148.94095,2015-06-04,11:25am,15,0,0,0,1,1,0,0,0,0,0,0,0,0,5,5,0,0,1,7,8,115,0,0,5,120,0,1,3,26,0,2,2,26,30,0,0,7,4,11,0,0,0,6,6,0,0,0,0,0,0,0,1,1,0,0,86,70,156,115,3,99,151,368
145,Round 2,Site 74,Mackay RC,Peak Downs Hwy,-21.88514,148.41015,2015-06-03,1:53pm,19,0,0,0,0,0,2,0,0,0,2,0,0,0,0,0,1,0,0,1,2,55,0,0,1,56,0,0,0,4,0,0,0,2,2,0,0,0,0,0,0,0,0,0,0,0,0,0,0,0,0,0,0,0,0,0,0,8,8,58,0,0,16,74
146,Round 2,Site 75,Mackay RC,Peak Downs Hwy,-21.814,148.6812,2015-06-03,3:28pm,25,0,0,0,0,0,0,0,0,0,0,0,0,0,0,0,0,0,0,1,1,0,0,0,0,0,0,0,0,2,0,0,0,0,0,0,0,0,0,0,0,0,0,0,0,0,0,0,0,0,0,0,0,0,0,0,0,0,0,0,0,0,3,3
147,Round 2,Site 76,Mackay RC,Peak Downs Hwy,-21.50784,148.79193,2015-06-04,9:51am,18,0,0,0,0,0,0,0,0,0,0,0,0,0,1,1,0,0,0,2,2,82,0,0,35,117,0,0,0,2,0,0,0,1,1,0,0,0,0,0,0,0,0,0,0,0,0,0,0,0,0,0,0,0,0,0,0,12,12,82,0,0,53,135
148,Round 2,Site 77,Mackay RC,Peak Downs Hwy,-21.94138,148.30023,2015-05-26,4:15pm,22,0,0,0,0,0,0,0,0,0,0,0,0,0,0,0,0,0,0,0,0,1,0,0,1,2,0,0,0,1,0,0,0,0,0,0,0,0,0,0,0,0,0,0,0,0,0,0,0,0,0,0,0,0,0,0,0,0,0,1,0,0,2,3
149,Round 2,Site 78,Mackay RC,Peak Downs Hwy,-21.81344,148.68217,2015-06-03,3:57pm,25,0,0,0,1,1,0,0,0,0,0,0,0,0,1,1,0,0,0,7,7,0,0,1,1,2,0,0,0,0,0,0,4,1,5,0,0,1,0,1,0,0,1,3,4,0,0,0,0,0,0,0,0,0,0,0,4,4,8,0,0,11,18,29
150,Round 2,Site 79,Mackay RC,Peak Downs Hwy,-21.43302,148.87991,2015-06-04,10:34am,20,0,0,0,0,0,0,0,0,0,0,0,0,0,0,0,0,0,0,2,2,0,0,0,0,0,0,0,0,1,0,0,0,0,0,0,0,0,0,0,0,0,0,0,0,0,0,0,0,0,0,0,0,0,0,0,0,1,1,0,0,0,4,4
151,Round 2,Site 80,Mackay RC,Peak Downs Hwy,-22.2511,147.99232,2015-05-26,11:30am,5,0,0,2,2,4,8,0,0,0,8,0,0,0,9,9,0,0,0,13,13,49,0,0,10,59,0,0,0,48,15,2,0,10,27,0,0,3,1,4,0,0,0,15,15,0,0,0,0,0,2,0,0,2,0,4,0,0,4,72,8,5,108,193
152,Round 2,Site 81,Mackay RC,Peak Downs Hwy,-22.19632,148.02146,2015-05-26,1:10pm,8,0,0,0,0,0,8,0,0,0,8,0,0,0,0,0,0,0,0,6,6,42,0,0,7,49,0,0,0,1,0,0,0,0,0,0,0,0,0,0,0,0,0,0,0,0,0,0,0,0,0,0,0,0,0,0,0,0,0,50,0,0,14,64
153,Round 2,Site 82,Mackay RC,Peak Downs Hwy,-22.12068,148.08086,2015-05-26,1:50pm,12,0,0,0,0,0,0,0,0,0,0,0,0,0,0,0,0,0,0,1,1,20,0,0,1,21,0,0,1,2,0,0,0,0,0,0,0,0,0,0,0,0,0,0,0,0,0,0,0,0,0,0,0,0,0,0,0,0,0,20,0,1,4,25
154,Round 2,Site 51,Southern Downs RC,New England Hwy,-28.32401,151.91914,2015-05-19,1:35pm,13,0,0,0,0,0,0,0,0,0,0,0,0,1,1,2,0,0,1,9,10,5,0,0,1,6,0,0,1,2,0,0,0,0,0,0,0,2,0,2,0,0,0,0,0,0,0,0,0,0,0,0,0,0,0,0,0,0,0,5,0,5,13,23
155,Round 2,Site 53,Southern Downs RC,New England Hwy,-28.29997,151.92949,2015-05-19,2:00pm,20,0,0,0,0,0,2,0,0,0,2,0,0,0,0,0,0,0,0,0,0,2,0,0,0,2,0,0,0,0,0,0,0,0,0,0,0,0,0,0,0,0,0,0,0,0,0,0,0,0,0,0,0,0,0,0,0,0,0,4,0,0,0,4
156,Round 2,Site 54,Southern Downs RC,New England Hwy,-28.45226,151.95573,2015-05-19,1:00pm,14,0,0,0,0,0,0,0,0,0,0,0,0,0,0,0,0,0,0,0,0,1,0,0,0,1,0,0,1,0,0,0,0,2,2,0,0,13,0,13,0,0,0,0,0,0,0,0,0,0,0,0,0,0,0,0,0,0,0,1,0,14,2,17
157,Round 3,Site 24,Southern Downs RC,Cunningham Hwy,-28.1811,151.90774,2016-01-20,11.45am,9,0,1,1,1,3,0,0,0,0,0,0,0,0,0,0,0,0,0,0,0,22,0,0,0,22,0,0,0,4,0,0,0,0,0,0,0,0,0,0,0,0,0,1,1,0,0,0,0,0,0,0,0,0,0,0,0,0,0,22,1,1,6,30
158,Round 3,Site 25,Southern Downs RC,Cunningham Hwy,-28.059344,152.321498,2016-01-20,3.00pm,12,0,0,0,0,0,0,0,0,0,0,0,0,0,0,0,0,0,0,1,1,2,0,0,0,2,0,0,0,0,0,0,0,0,0,0,0,1,0,1,0,0,0,1,1,0,0,0,0,0,0,0,0,0,0,0,0,0,0,2,0,1,2,5
159,Round 3,Site 28,Southern Downs RC,Cunningham Hwy,-28.20083,151.95254,2016-01-20,11.00am,0,0,0,0,0,0,0,0,0,0,0,0,0,0,0,0,0,0,0,0,0,8,0,1,2,11,0,0,0,22,0,0,0,0,0,0,0,0,0,0,0,0,0,1,1,0,0,0,0,0,0,0,0,0,0,0,0,0,0,8,0,1,25,34
160,Round 3,Site 31,Southern Downs RC,Cunningham Hwy,-28.074186,152.186912,2016-01-20,9.30am,13,0,0,0,0,0,0,0,0,0,0,0,0,0,0,0,0,0,0,0,0,5,0,0,0,5,0,0,0,6,0,0,5,6,11,0,0,0,2,2,0,0,0,6,6,0,0,0,0,0,0,0,0,0,0,0,0,0,0,5,0,5,20,30
161,Round 3,Site 47,Southern Downs RC,New England Hwy,-28.28771,151.9528,2016-01-21,9.00am,9,0,0,3,0,3,0,0,0,0,0,0,0,0,0,0,0,0,0,0,0,25,0,0,1,26,0,0,5,11,0,0,2,0,2,0,0,0,0,0,0,0,0,5,5,0,0,0,0,0,0,0,0,0,0,0,0,0,0,25,0,10,17,52
162,Round 3,Site 1,Balonne SC,Barwon Hwy,-28.34648,148.83425,,,1,0,0,0,0,0,62,0,0,0,62,0,0,0,0,0,60,0,0,0,60,0,0,0,2,2,0,0,0,0,0,0,1,0,1,0,0,0,0,0,0,0,0,1,1,0,0,0,0,0,0,0,0,0,0,0,0,0,0,122,0,1,3,126
163,Round 3,Site 2,Balonne SC,Barwon Hwy,-28.353551,148.953699,2016-01-19,11.04am,1,0,0,0,0,0,1,0,0,0,1,0,0,0,0,0,0,0,0,0,0,0,0,0,0,0,0,0,0,0,0,0,0,0,0,0,0,0,0,0,0,0,0,0,0,0,0,0,0,0,0,0,0,0,0,0,0,0,0,1,0,0,0,1
164,Round 3,Site 3,Goondiwindi RC,Barwon Hwy,-28.419,149.6741,2016-01-19,9.20am,0,0,0,0,0,0,30,0,0,0,30,0,0,0,0,0,7,0,0,2,9,0,0,0,0,0,0,0,0,0,0,0,0,0,0,0,0,0,0,0,0,0,0,0,0,0,0,0,0,0,0,0,0,0,0,1,1,0,2,37,1,1,2,41
165,Round 3,Site 4,Goondiwindi RC,Barwon Hwy,-28.44234,149.72693,2016-01-19,9.07am,7,0,0,0,0,0,0,0,0,0,0,0,0,0,0,0,0,0,0,0,0,0,0,0,0,0,0,0,0,0,0,0,0,0,0,0,0,0,0,0,0,0,0,0,0,0,0,0,0,0,0,0,0,0,0,0,1,0,1,0,0,1,0,1
166,Round 3,Site 5,Goondiwindi RC,Barwon Hwy,-28.47378,149.51393,2016-01-19,10.04am,3,0,0,0,0,0,1,0,0,0,1,0,0,1,2,3,0,0,1,1,2,0,0,0,0,0,0,0,0,0,0,0,0,1,1,0,0,0,0,0,0,0,0,0,0,0,0,0,0,0,0,0,0,0,0,0,0,0,0,1,0,2,4,7
167,Round 3,Site 6,Balonne SC,Barwon Hwy,-28.356073,148.884019,2016-01-19,11.20am,0,0,0,0,0,0,4,0,0,0,4,0,0,0,0,0,0,0,0,1,1,0,0,0,0,0,0,0,0,0,0,0,0,0,0,0,0,0,0,0,0,0,0,0,0,0,0,0,0,0,0,0,0,0,0,0,0,0,0,4,0,0,1,5
168,Round 3,Site 7,Goondiwindi RC,Barwon Hwy,-28.4366,149.77331,2016-01-19,8.45am,4,0,0,0,0,0,3,0,0,0,3,0,0,0,0,0,1,0,0,1,2,0,0,0,0,0,0,0,0,0,0,0,0,0,0,0,0,0,0,0,0,0,0,0,0,0,0,0,0,0,0,0,0,0,0,0,0,0,0,4,0,0,1,5
169,Round 3,Site 8,Goondiwindi RC,Barwon Hwy,-28.42587,149.94518,2016-01-19,7.10am,3,0,0,0,0,0,0,0,0,0,0,0,0,0,0,0,6,0,0,0,6,0,0,0,0,0,0,0,0,0,0,0,0,0,0,0,0,0,0,0,0,0,0,0,0,0,0,0,0,0,0,0,0,0,0,0,0,2,2,6,0,0,2,8
170,Round 3,Site 9,Goondiwindi RC,Barwon Hwy,-28.50042,150.12953,2016-01-19,6.24am,4,0,0,0,0,0,1,0,0,0,1,0,0,0,0,0,0,0,0,3,3,0,0,0,0,0,0,0,0,0,0,0,0,0,0,0,0,0,0,0,0,0,0,0,0,0,0,0,0,0,0,0,0,0,0,0,0,0,0,1,0,0,3,4
171,Round 3,Site 10,Goondiwindi RC,Barwon Hwy,-28.46433,150.03195,2016-01-19,6.40am,4,0,0,0,0,0,0,0,0,0,0,0,0,0,0,0,0,0,0,0,0,0,0,0,0,0,0,0,0,0,0,0,0,0,0,0,0,0,0,0,0,0,0,0,0,0,0,0,0,0,0,0,0,0,0,0,0,0,0,0,0,0,0,0
172,Round 3,Site 11,Maranoa RC,Carnarvon Hwy,-26.197053,148.703538,2016-01-29,2.53pm,3,0,0,0,0,0,0,0,0,0,0,0,0,0,0,0,2,0,0,0,2,0,0,0,0,0,0,0,0,0,0,0,1,0,1,0,0,0,0,0,0,0,0,0,0,0,0,0,0,0,0,0,0,0,0,0,0,0,0,2,0,1,0,3
173,Round 3,Site 12,Maranoa RC,Carnarvon Hwy,-26.658199,148.875451,2016-01-29,7.30am,4,0,0,0,0,0,0,0,0,0,0,0,0,0,0,0,55,0,0,0,55,4,0,0,0,4,0,0,0,0,0,0,2,1,3,0,0,0,1,1,0,0,2,0,2,0,0,0,0,0,0,0,0,0,0,0,0,0,0,59,0,4,2,65
174,Round 3,Site 13,Balonne SC,Carnarvon Hwy,-27.68305,148.81744,,,1,0,0,0,0,0,0,0,0,0,0,0,0,0,0,0,0,0,0,0,0,0,0,0,0,0,0,0,0,0,0,0,1,0,1,0,0,0,0,0,0,0,0,0,0,0,0,0,0,0,0,0,0,0,0,0,0,0,0,0,0,1,0,1
175,Round 3,Site 14,Balonne SC,Carnarvon Hwy,-28.34238,148.83122,,,5,0,0,0,0,0,0,0,0,0,0,0,0,0,0,0,2,0,0,0,2,2,0,0,0,2,0,0,0,0,0,0,2,0,2,0,0,2,0,2,0,0,0,0,0,0,0,0,0,0,0,0,0,0,0,0,0,0,0,4,0,4,0,8
176,Round 3,Site 15,Balonne SC,Carnarvon Hwy,-28.945315,148.9741,2016-01-11,6.15am,2,0,0,0,0,0,20,0,0,0,20,0,0,0,3,3,5,0,0,6,11,0,0,0,0,0,0,0,0,1,0,0,0,0,0,0,0,0,1,1,0,0,0,1,1,0,0,0,0,0,0,0,0,0,0,0,0,0,0,25,0,0,12,37
177,Round 3,Site 16,Maranoa RC,Carnarvon Hwy,-26.476452,148.799126,2016-02-02,9.00am,4,0,0,0,0,0,0,0,0,0,0,0,0,0,0,0,0,0,0,0,0,0,0,0,0,0,0,0,0,0,0,0,0,0,0,0,0,0,0,0,0,0,0,0,0,0,0,0,0,0,0,0,0,0,0,0,0,0,0,0,0,0,0,0
178,Round 3,Site 17,Maranoa RC,Carnarvon Hwy,-26.485159,148.796118,2016-01-29,1.10pm,14,0,0,0,0,0,0,0,0,0,0,0,0,0,0,0,0,0,0,0,0,0,0,0,0,0,0,0,0,0,0,0,0,0,0,0,0,0,0,0,0,0,0,0,0,0,0,0,0,0,0,0,0,0,0,0,0,0,0,0,0,0,0,0
179,Round 3,Site 18,Maranoa RC,Carnarvon Hwy,-26.630476,148.870191,2016-01-29,8.01am,5,0,0,0,0,0,0,0,0,0,0,0,0,0,0,0,0,0,0,0,0,0,0,0,0,0,0,0,1,0,0,0,0,0,0,0,0,0,0,0,0,0,0,0,0,0,0,0,0,0,0,0,0,0,0,0,0,0,0,0,0,1,0,1
180,Round 3,Site 19,Maranoa RC,Carnarvon Hwy,-26.441357,148.79566,2016-01-29,1.30pm,10,0,0,0,0,0,0,0,0,0,0,0,0,0,0,0,0,0,0,0,0,0,0,1,0,1,0,0,0,0,0,0,0,2,2,0,0,0,0,0,0,0,0,0,0,0,0,0,0,0,0,0,0,0,0,0,0,0,0,0,0,1,2,3
181,Round 3,Site 21,Balonne SC,Carnarvon Hwy,-28.06027,148.63175,,,2,0,0,0,0,0,1,0,0,0,1,0,0,0,0,0,0,0,0,0,0,0,0,0,0,0,0,0,0,0,0,0,0,0,0,0,0,0,0,0,0,0,0,0,0,0,0,0,0,0,0,0,0,0,0,0,0,0,0,1,0,0,0,1
182,Round 3,Site 22,Balonne SC,Carnarvon Hwy,-28.35419,148.84764,,,2,0,0,0,0,0,2,0,0,0,2,0,0,0,0,0,0,0,0,0,0,0,0,0,0,0,0,0,0,0,0,0,0,0,0,0,0,0,0,0,0,0,0,0,0,0,0,0,0,0,0,0,0,0,0,0,0,0,0,2,0,0,0,2
183,Round 3,Site 23,Balonne SC,Carnarvon Hwy,-28.89322,148.93916,,,3,0,0,0,0,0,37,0,0,0,37,0,0,0,0,0,2,0,0,0,2,0,0,0,0,0,0,0,0,0,0,0,3,0,3,0,0,0,0,0,0,0,0,0,0,0,0,0,0,0,0,0,0,0,0,0,0,0,0,39,0,3,0,42
184,Round 3,Site 51,Southern Downs RC,New England Hwy,-28.32401,151.91914,2016-01-21,11.00am,15,0,0,0,0,0,0,0,0,0,0,0,0,0,0,0,0,0,0,0,0,23,0,1,5,29,0,0,0,2,0,0,1,0,1,0,0,2,0,2,0,0,0,1,1,0,0,0,0,0,0,0,0,0,0,0,0,0,0,23,0,4,8,35
185,Round 3,Site 26,Goondiwindi RC,Cunningham Hwy,-28.49518,150.41039,2016-01-18,2.15pm,12,0,0,0,0,0,17,0,0,0,17,0,0,0,0,0,0,0,0,0,0,0,0,0,0,0,0,0,0,0,0,0,0,0,0,0,0,0,0,0,0,0,0,2,2,0,0,0,0,0,0,0,0,0,0,0,0,0,0,17,0,0,2,19
186,Round 3,Site 27,Goondiwindi RC,Cunningham Hwy,-28.515517,150.9177,2016-01-18,10.09am,6,0,0,0,0,0,65,0,0,0,65,0,0,0,1,1,0,0,0,2,2,0,0,0,0,0,0,0,1,3,0,0,0,3,3,0,0,1,0,1,0,0,0,1,1,0,0,0,0,0,0,0,0,0,0,0,0,9,9,65,0,2,19,86
187,Round 3,Site 29,Goondiwindi RC,Cunningham Hwy,-28.4091,151.17122,2016-01-18,9.10am,4,0,0,0,0,0,26,0,0,0,26,0,0,0,0,0,1,0,0,0,1,0,0,0,0,0,0,0,0,0,0,0,1,0,1,0,0,0,0,0,0,0,0,0,0,0,0,0,0,0,0,0,0,0,0,0,0,0,0,27,0,1,0,28
188,Round 3,Site 30,Goondiwindi RC,Cunningham Hwy,-28.49829,150.56354,2016-01-18,1.45pm,18,0,0,0,0,0,5,0,0,0,5,0,0,0,1,1,1,0,0,1,2,0,0,0,0,0,0,0,1,0,0,0,0,0,0,0,0,0,0,0,0,0,0,1,1,0,0,0,0,0,0,0,0,0,4,0,0,1,5,10,0,1,4,15
189,Round 3,Site 32,Goondiwindi RC,Cunningham Hwy,-28.409364,151.227522,2016-01-18,08.15am,10,0,0,0,0,0,1,0,0,0,1,0,0,0,0,0,0,0,2,1,3,0,0,0,0,0,0,0,0,0,0,0,0,0,0,0,0,0,0,0,0,0,0,0,0,0,0,0,0,0,0,0,0,0,0,0,0,1,1,1,0,2,2,5
190,Round 3,Site 33,Goondiwindi RC,Cunningham Hwy,-28.492725,150.529419,2016-01-18,1.11pm,5,0,0,0,0,0,15,0,0,0,15,0,0,0,0,0,0,0,0,0,0,0,0,0,0,0,0,0,0,0,0,0,0,0,0,0,0,0,0,0,0,0,0,0,0,0,0,0,0,0,0,0,0,0,0,5,0,0,5,15,5,0,0,20
191,Round 3,Site 34,Balonne SC,Moonie Hwy,-27.99254,148.6595,2016-01-10,6.15pm,2,0,0,0,1,1,0,0,0,0,0,0,0,0,0,0,0,0,0,0,0,2,0,0,1,3,0,0,0,0,0,1,0,0,1,0,0,0,0,0,0,0,0,1,1,0,0,0,0,0,0,0,0,0,0,0,0,0,0,2,1,0,3,6
192,Round 3,Site 35,Western Downs RC,Moonie Hwy,-27.62157,150.49385,2016-01-12,8.30am,5,0,0,0,4,4,0,0,0,0,0,0,0,0,4,4,0,0,0,5,5,25,0,0,19,44,0,0,0,2,0,0,0,3,3,0,0,4,5,9,0,0,0,0,0,0,0,0,0,0,0,0,0,0,0,0,0,0,0,25,0,4,42,71
193,Round 3,Site 36,Western Downs RC,Moonie Hwy,-27.52235,150.64522,2016-01-12,7.30am,3,0,0,0,0,0,0,0,0,0,0,0,0,0,16,16,0,0,0,33,33,5,0,0,15,20,0,0,0,10,0,3,0,8,11,0,0,1,5,6,0,0,0,7,7,0,0,0,0,0,0,0,0,0,0,0,0,0,0,5,3,1,94,103
194,Round 3,Site 37,Balonne SC,Moonie Hwy,-27.96873,148.93798,2016-01-11,5.45pm,1,0,0,0,0,0,0,0,0,0,0,0,0,0,0,0,0,0,0,0,0,0,0,0,1,1,0,0,0,0,0,0,1,0,1,0,0,0,0,0,0,0,0,0,0,0,0,0,0,0,0,0,0,0,0,0,0,0,0,0,0,1,1,2
195,Round 3,Site 38,Western Downs RC,Moonie Hwy,-27.32852,150.92941,2016-01-13,,5,0,0,0,0,0,0,0,0,0,0,0,0,0,2,2,1,0,0,7,8,2,0,0,0,2,0,0,0,3,0,0,0,0,0,0,0,0,0,0,0,0,0,0,0,0,0,0,0,0,0,0,0,0,0,0,0,0,0,3,0,0,12,15
196,Round 3,Site 39,Western Downs RC,Moonie Hwy,-27.96562,149.49045,2016-01-11,6.45am,3,0,0,0,0,0,0,0,0,0,0,0,0,0,2,2,0,0,0,0,0,10,0,0,0,10,0,0,0,0,0,1,0,0,1,0,0,0,0,0,0,0,0,0,0,0,0,0,0,0,0,0,0,0,0,0,0,0,0,10,1,0,2,13
197,Round 3,Site 40,Western Downs RC,Moonie Hwy,-27.92569,149.76821,2016-01-11,7.15am,1,0,0,0,0,0,0,0,0,0,0,0,0,0,0,0,0,0,0,0,0,96,0,0,3,99,0,0,0,1,0,0,0,1,1,0,0,0,0,0,0,0,0,0,0,0,0,0,0,0,0,0,0,0,0,0,0,0,0,96,0,0,5,101
198,Round 3,Site 41,Western Downs RC,Moonie Hwy,-27.70565,150.37946,2016-01-12,9.30am,4,0,0,0,0,0,23,0,0,0,23,0,0,0,0,0,4,2,0,18,24,35,0,0,1,36,0,0,1,8,0,3,0,5,8,0,0,1,0,1,0,0,0,0,0,0,0,0,0,0,0,0,0,0,0,0,0,0,0,62,5,2,32,101
199,Round 3,Site 42,Western Downs RC,Moonie Hwy,-27.47481,150.74769,2016-01-13,2.30pm,6,0,0,0,0,0,0,0,0,0,0,0,0,0,0,0,0,0,0,0,0,0,0,0,0,0,0,0,0,0,0,0,0,0,0,0,0,0,0,0,0,0,0,1,1,0,0,0,0,0,0,0,0,0,0,0,0,0,0,0,0,0,1,1
200,Round 3,Site 43,Western Downs RC,Moonie Hwy,-27.33504,150.8456,2016-01-13,3.00pm,9,0,0,0,0,0,0,0,0,0,0,0,0,0,0,0,2,0,0,5,7,7,0,0,11,18,0,0,0,1,0,2,0,2,4,0,0,0,1,1,0,0,0,0,0,0,0,0,0,0,0,0,0,0,0,0,0,0,0,9,2,0,20,31
201,Round 3,Site 44,Western Downs RC,Moonie Hwy,-27.92741,149.87367,2016-01-11,8.00am,0,0,0,0,0,0,4,0,0,40,44,0,0,0,1,1,0,0,0,4,4,6,0,0,0,6,0,0,0,0,0,3,0,0,3,0,0,0,0,0,0,0,0,0,0,0,0,0,0,0,0,0,0,0,0,0,0,0,0,10,3,0,45,58
202,Round 3,Site 45,Western Downs RC,Moonie Hwy,-27.83196,150.15318,2016-01-11,8.30am,2,0,0,0,0,0,2,0,0,0,2,0,0,0,1,1,0,0,0,4,4,20,0,0,1,21,0,0,0,0,0,0,0,0,0,0,0,1,2,3,0,0,0,6,6,0,0,0,0,0,0,0,0,0,0,0,0,0,0,22,0,1,14,37
203,Round 3,Site 46,Toowoomba RC,New England Hwy,-27.51216,151.95424,2016-01-20,2.46pm,68,0,0,0,0,0,0,0,0,0,0,0,0,0,0,0,0,0,0,0,0,0,0,0,0,0,0,0,0,0,0,0,0,0,0,0,0,0,0,0,0,0,0,0,0,0,0,0,0,0,0,0,0,0,0,0,0,0,0,0,0,0,0,0
204,Round 3,Site 53,Southern Downs RC,New England Hwy,-28.29997,151.92949,2016-01-21,10.00am,22,0,0,0,0,0,0,0,0,0,0,0,0,0,0,0,0,0,0,0,0,5,0,0,8,13,0,0,0,1,0,0,0,0,0,0,0,0,0,0,0,0,0,1,1,0,0,0,0,0,0,0,1,1,0,0,0,0,0,5,0,0,11,16
205,Round 3,Site 48,Toowoomba RC,New England Hwy,,,2016-01-20,11.50am,3,0,0,0,0,0,2,0,0,0,2,0,0,0,0,0,0,0,3,0,3,0,0,0,0,0,0,0,0,0,0,0,0,0,0,0,0,0,0,0,0,0,0,0,0,0,0,0,0,0,0,0,0,0,0,0,0,0,0,2,0,3,0,5
206,Round 3,Site 49,Toowoomba RC,New England Hwy,-27.42113,151.99307,2016-01-20,11.30am,8,0,0,0,0,0,0,0,0,0,0,0,0,0,0,0,0,0,0,0,0,0,0,0,0,0,0,0,0,0,0,0,0,0,0,0,0,0,0,0,0,0,0,0,0,0,0,0,0,0,0,0,0,0,0,0,0,0,0,0,0,0,0,0
207,Round 3,Site 50,Toowoomba RC,New England Hwy,-27.716,151.911,2016-01-20,3.30pm,30,0,0,0,0,0,0,0,0,0,0,0,0,0,0,0,0,0,0,0,0,0,0,0,0,0,0,0,0,0,0,0,0,0,0,0,0,0,0,0,0,0,0,0,0,0,0,0,0,0,0,0,0,0,0,0,0,0,0,0,0,0,0,0
208,Round 3,Site 52,Toowoomba RC,New England Hwy,-27.71627,151.90047,2016-01-20,11.03am,49,0,0,0,0,0,0,0,0,0,0,0,0,0,0,0,0,0,0,0,0,0,0,0,0,0,0,0,0,0,0,0,0,0,0,0,0,0,0,0,0,0,0,0,0,0,0,0,0,0,0,0,0,0,0,0,0,0,0,0,0,0,0,0
209,Round 3,Site 54,Southern Downs RC,New England Hwy,-28.45226,151.95573,2016-01-21,11.30am,9,0,0,0,0,0,0,0,0,0,0,0,0,0,0,0,0,0,0,0,0,9,0,0,0,9,0,0,0,0,0,0,0,1,1,0,0,0,0,0,0,0,0,1,1,0,0,0,0,0,0,0,0,0,0,0,0,0,0,9,0,0,2,11
210,Round 3,Site 55,Maranoa RC,Warrego Hwy,-26.48611,147.851436,2016-02-01,10.24am,2,0,0,0,0,0,0,0,0,0,0,0,0,0,0,0,2,0,0,0,2,109,0,0,0,109,0,0,0,0,0,0,0,0,0,0,0,0,0,0,0,0,0,0,0,0,0,0,0,0,0,0,0,0,0,0,0,0,0,111,0,0,0,111
211,Round 3,Site 56,Maranoa RC,Warrego Hwy,-26.6209,149.457068,2016-02-01,2.15pm,9,0,0,0,0,0,0,0,0,0,0,0,0,0,0,0,0,0,0,0,0,9,0,0,0,9,0,0,0,0,0,0,0,0,0,0,0,1,0,1,0,0,0,0,0,0,0,0,0,0,0,0,0,0,0,0,0,0,0,9,0,1,0,10
212,Round 3,Site 57,Toowoomba RC,Warrego Hwy,-27.565,151.99,2016-01-20,2.56pm,41,0,0,0,0,0,63,0,0,0,63,0,0,0,0,0,0,0,0,0,0,0,0,0,0,0,0,0,0,0,0,0,50,0,50,0,0,0,0,0,0,0,0,0,0,0,0,0,0,0,0,0,0,0,0,0,0,0,0,63,0,50,0,113
213,Round 3,Site 59,Western Downs RC,Warrego Hwy,-26.64315,150.0113,2016-01-13,9.15am,8,0,0,0,0,0,0,0,0,0,0,0,0,0,0,0,0,0,0,0,0,116,0,0,13,129,0,0,1,8,0,2,0,3,5,0,0,1,3,4,0,0,0,5,5,0,0,0,0,0,0,0,2,2,0,0,1,0,1,116,2,3,34,155
214,Round 3,Site 60,Maranoa RC,Warrego Hwy,-26.48697,148.041911,2016-02-01,11.54am,9,0,0,0,0,0,0,0,0,0,0,0,0,0,0,0,0,0,0,0,0,0,0,0,0,0,0,0,0,0,0,0,0,0,0,0,0,0,0,0,0,0,0,0,0,0,0,0,0,0,0,0,0,0,0,0,0,0,0,0,0,0,0,0
215,Round 3,Site 61,Maranoa RC,Warrego Hwy,-26.598035,149.300086,2016-02-01,3.10pm,9,0,0,0,0,0,2,0,0,0,2,0,0,0,0,0,1,0,0,0,1,1,0,0,0,1,0,0,0,0,0,0,0,0,0,0,0,0,0,0,0,0,0,0,0,0,0,0,0,0,0,0,0,0,0,0,0,0,0,4,0,0,0,4
216,Round 3,Site 62,Toowoomba RC,Warrego Hwy,-27.46388,151.73211,2016-01-20,10.14am,21,0,0,0,0,0,8,0,0,0,8,0,0,0,0,0,0,0,0,0,0,0,0,0,0,0,0,0,7,0,0,0,0,0,0,0,0,0,0,0,0,0,0,0,0,0,0,0,0,0,0,0,0,0,0,0,0,0,0,8,0,7,0,15
217,Round 3,Site 63,Western Downs RC,Warrego Hwy,-26.75388,150.65316,2016-01-14,8.30am,25,0,0,0,0,0,0,0,0,0,0,0,0,0,0,0,0,0,0,2,2,10,0,0,0,10,0,0,0,1,0,0,0,0,0,0,0,0,0,0,0,0,0,0,0,0,0,0,0,0,0,0,0,0,0,0,0,0,0,10,0,0,3,13
218,Round 3,Site 64,Western Downs RC,Warrego Hwy,-26.65508,150.16703,2016-01-13,8.30am,7,0,0,0,0,0,0,0,0,0,0,0,0,0,2,2,0,0,0,0,0,130,0,0,1,131,0,0,1,1,0,0,0,1,1,0,0,0,2,2,0,0,0,3,3,0,0,0,0,0,0,0,0,0,0,0,0,0,0,130,0,1,10,141
219,Round 3,Site 65,Maranoa RC,Warrego Hwy,-26.581306,148.71761,2016-02-02,1.30pm,19,0,0,0,0,0,1,0,0,0,1,0,0,0,0,0,3,0,0,0,3,0,0,0,0,0,0,0,0,0,0,0,0,0,0,0,0,0,0,0,0,0,0,0,0,0,0,0,0,0,0,0,0,0,0,0,0,0,0,4,0,0,0,4
220,Round 3,Site 66,Maranoa RC,Warrego Hwy,-26.581431,148.718428,2016-01-29,2.05pm,4,0,0,0,0,0,0,0,0,0,0,0,0,0,0,0,1,0,0,0,1,1,0,0,0,1,0,0,0,0,0,0,0,0,0,0,0,0,0,0,0,0,0,0,0,0,0,0,0,0,0,0,0,0,0,0,0,0,0,2,0,0,0,2
221,Round 3,Site 67,Toowoomba RC,Warrego Hwy,-27.41275,151.67678,2016-01-20,9.49am,19,0,0,0,0,0,0,0,0,0,0,0,0,0,0,0,0,0,0,0,0,0,0,0,0,0,0,0,0,0,0,0,2,0,2,0,0,0,0,0,0,0,0,0,0,0,0,0,0,0,0,0,0,0,0,0,0,0,0,0,0,2,0,2
222,Round 3,Site 68,Toowoomba RC,Warrego Hwy,-27.57155,151.98162,2016-01-20,2.56pm,50,0,0,1,0,1,0,0,0,0,0,0,0,0,0,0,0,0,0,0,0,0,0,0,0,0,2,0,5,0,0,0,0,0,0,0,0,0,0,0,0,0,0,0,0,0,0,0,0,0,0,0,0,0,0,0,0,0,0,2,0,6,0,8
223,Round 3,Site 69,Western Downs RC,Warrego Hwy,-26.96969,150.98376,2016-01-14,1.30pm,32,0,0,0,0,0,0,0,0,0,0,0,0,0,0,0,10,0,0,1,11,0,0,0,0,0,0,0,0,0,0,1,0,0,1,0,0,0,0,0,0,0,0,0,0,0,0,0,0,0,0,0,0,0,0,0,0,0,0,10,1,0,1,12
224,Round 3,Site 70,Western Downs RC,Warrego Hwy,-26.67732,150.41197,2016-01-13,7.30am,12,0,0,0,0,0,2,0,0,0,2,0,0,0,4,4,0,0,0,5,5,2,0,0,1,3,0,0,0,1,0,0,0,2,2,0,0,0,2,2,0,0,0,0,0,0,0,0,0,0,0,0,0,0,0,0,0,0,0,4,0,0,15,19
225,Round 3,Site 71,Mackay RC,Peak Downs Hwy,-22.0492,148.13158,2016-02-03,1.25pm,15,3,0,0,0,3,0,0,0,0,0,0,0,0,0,0,0,0,0,0,0,47,0,0,0,47,0,0,1,4,0,0,0,1,1,0,0,0,3,3,0,0,0,0,0,0,0,0,0,0,0,0,0,0,0,0,0,0,0,50,0,1,8,59
226,Round 3,Site 72,Mackay RC,Peak Downs Hwy,-21.60861,148.72612,2016-02-04,1.00pm,19,0,0,0,0,0,5,0,0,0,5,0,0,0,5,5,0,0,0,25,25,29,0,0,9,38,0,0,1,28,0,0,0,15,15,0,0,5,1,6,0,0,0,1,1,0,0,0,0,0,0,0,0,0,0,0,0,0,0,34,0,6,84,124
227,Round 3,Site 73,Mackay RC,Peak Downs Hwy,-21.38817,148.94095,2016-02-05,10.30am,22,0,0,0,0,0,3,0,0,0,3,0,0,0,0,0,0,0,0,1,1,67,0,0,10,77,0,0,1,20,0,0,0,11,11,0,0,0,4,4,0,0,0,0,0,0,0,0,0,0,0,0,0,0,0,0,0,0,0,70,0,1,46,117
228,Round 3,Site 74,Mackay RC,Peak Downs Hwy,-21.88514,148.41015,2016-02-04,9.45am,15,0,0,0,0,0,0,0,0,0,0,0,0,0,0,0,0,0,0,6,6,101,0,0,6,107,0,0,0,21,0,0,1,0,1,0,0,0,2,2,0,0,0,0,0,0,0,0,0,0,0,0,0,0,0,0,0,0,0,101,0,1,35,137
229,Round 3,Site 75,Mackay RC,Peak Downs Hwy,-21.814,148.6812,2016-02-04,11.30am,25,0,0,0,0,0,0,0,0,0,0,0,0,0,0,0,0,0,0,0,0,3,0,0,1,4,0,0,0,0,0,0,0,0,0,0,0,0,0,0,0,0,0,0,0,0,0,0,0,0,0,0,0,0,0,0,0,0,0,3,0,0,1,4
230,Round 3,Site 76,Mackay RC,Peak Downs Hwy,-21.50784,148.79193,2016-02-05,9.30am,20,0,0,0,1,1,0,0,0,0,0,0,0,0,1,1,0,0,0,2,2,90,0,0,90,180,0,0,0,2,0,0,0,1,1,0,0,0,0,0,0,0,0,1,1,0,0,0,0,0,0,0,0,0,0,0,0,0,0,90,0,0,98,188
231,Round 3,Site 77,Mackay RC,Peak Downs Hwy,-21.94138,148.30023,2016-02-03,2.30am,8,0,0,0,0,0,0,0,0,0,0,0,0,0,0,0,0,0,0,0,0,0,0,0,0,0,0,0,0,0,0,0,0,0,0,0,0,1,0,1,0,0,0,1,1,0,0,0,0,0,0,0,0,0,0,0,0,0,0,0,0,1,1,2
232,Round 3,Site 78,Mackay RC,Peak Downs Hwy,-21.81344,148.68217,2016-02-04,11.00am,16,0,0,0,0,0,2,0,0,0,2,0,0,0,0,0,0,0,0,0,0,14,0,0,0,14,0,0,1,1,0,0,0,0,0,0,0,0,1,1,0,0,0,0,0,0,0,0,0,0,0,0,0,0,0,0,0,0,0,16,0,1,2,19
233,Round 3,Site 79,Mackay RC,Peak Downs Hwy,-21.43302,148.87991,2016-02-05,10.00am,18,0,0,0,0,0,0,0,0,0,0,0,0,0,0,0,0,0,0,2,2,0,0,0,0,0,0,0,0,15,0,0,0,0,0,0,0,0,0,0,0,0,0,0,0,0,0,0,0,0,0,0,0,0,0,0,0,0,0,0,0,0,17,17
234,Round 3,Site 80,Mackay RC,Peak Downs Hwy,-22.2511,147.99232,2016-02-03,10.30am,6,0,1,0,0,1,0,0,0,0,0,0,0,0,0,0,0,0,0,0,0,76,0,0,1,77,0,0,0,0,0,0,0,0,0,0,0,0,0,0,0,0,0,3,3,0,0,0,0,0,0,0,0,0,0,2,0,0,2,76,3,0,4,83
235,Round 3,Site 81,Mackay RC,Peak Downs Hwy,-22.19632,148.02146,2016-02-03,11.15am,6,0,0,0,1,1,6,0,0,0,6,0,0,0,1,1,1,0,0,5,6,96,1,0,17,114,0,0,0,6,0,0,0,0,0,0,0,0,1,1,0,0,0,6,6,0,0,0,0,0,0,0,0,0,0,0,0,0,0,103,1,0,37,141
236,Round 3,Site 82,Mackay RC,Peak Downs Hwy,-22.12068,148.08086,2016-02-03,12.00pm,7,0,0,0,0,0,0,0,0,0,0,0,0,0,0,0,0,0,0,1,1,0,0,0,2,2,0,0,5,0,0,0,0,0,0,0,0,0,0,0,0,0,0,0,0,0,0,0,0,0,0,0,0,0,0,0,0,0,0,0,0,5,3,8
